,title,plays,duration,release_date,cover_url
,Se Periptosi Pou,13548760.0,3:59,2024-11-08,https://i.scdn.co/image/ab67616d00001e02343e5fe2e45a694fd8575f86
,Psihedelia,13322730.0,3:46,2003-12-04,https://i.scdn.co/image/ab67616d00001e02724136a05d2062a661672ba4
,Lekes,9884918.0,4:15,2023-11-10,https://i.scdn.co/image/ab67616d00001e02985d3288f7a0fc2669ef61a9
,Aima,9125518.0,3:29,2022-05-30,https://i.scdn.co/image/ab67616d00001e02dafcec9ea3e0a082230a81f2
,Eleni,6729181.0,4:56,1996-02-29,https://i.scdn.co/image/ab67616d00001e022abb79908fe729496b83a191
,Eleni,6725902.0,4:56,1995-09-18,https://i.scdn.co/image/ab67616d00001e029b1659f5770ea89cfad1f157
,Protimo,6516688.0,4:04,2012-12-31,https://i.scdn.co/image/ab67616d00001e02c5a969889ee87ce65ce30a24
,Einai Asteio,6225071.0,3:41,2023-07-10,https://i.scdn.co/image/ab67616d00001e0270fe9f99614c45aa5e98845a
,Sti Pira,5888556.0,3:07,2008-12-09,https://i.scdn.co/image/ab67616d00001e0293ae850db2b4228fe4977dab
,Kontra,5783358.0,3:52,2008-12-09,https://i.scdn.co/image/ab67616d00001e0293ae850db2b4228fe4977dab
,Ola Gia Ola,5432584.0,4:42,2025-04-04,https://i.scdn.co/image/ab67616d00001e02fe6b9e2d1c01cfd433154466
,Ise,5184450.0,4:21,2003-12-04,https://i.scdn.co/image/ab67616d00001e02724136a05d2062a661672ba4
,Eho Pethani Gia Sena,4584543.0,3:54,2003-12-04,https://i.scdn.co/image/ab67616d00001e02724136a05d2062a661672ba4
,Agapi Ipervoliki,4295617.0,4:50,2000-11-16,https://i.scdn.co/image/ab67616d00001e022f038cc4ad078bf55ed8c2a5
,Gazoza,4077311.0,3:45,2022-12-12,https://i.scdn.co/image/ab67616d00001e02e62aef58bf21754351c07baa
,To Poli Poli,4023517.0,4:26,2000-11-16,https://i.scdn.co/image/ab67616d00001e022f038cc4ad078bf55ed8c2a5
,Treno,3930501.0,4:49,2003-12-04,https://i.scdn.co/image/ab67616d00001e02724136a05d2062a661672ba4
,Kai Eho Tosa Na Thymamai - Hotel Ermou Live Version,3430749.0,2:43,2018-07-23,https://i.scdn.co/image/ab67616d00001e0258a2973daf4f31ec68e53ce9
,Sandre,2998408.0,4:04,2025-06-27,https://i.scdn.co/image/ab67616d00001e024eaa7d1f10cf5335d0ff8ceb
,Atmosphera Ilectrismeni,2852870.0,5:14,2000-11-16,https://i.scdn.co/image/ab67616d00001e022f038cc4ad078bf55ed8c2a5
,Dodeka,2713085.0,5:22,1985-01-10,https://i.scdn.co/image/ab67616d00001e025f20f2f63fe64bfe775da003
,Sigharitiria,2650484.0,5:09,2002-10-10,https://i.scdn.co/image/ab67616d00001e02b6abec5528a11ae2450385c1
,Protimo '24,2484466.0,4:08,2024-03-12,https://i.scdn.co/image/ab67616d00001e025732dcd068158156f5f237da
,Horis To Moro Mou,2437629.0,3:55,2000-11-16,https://i.scdn.co/image/ab67616d00001e022f038cc4ad078bf55ed8c2a5
,Shizofrenia,2437099.0,4:05,2000-11-16,https://i.scdn.co/image/ab67616d00001e022f038cc4ad078bf55ed8c2a5
,Pes To Xana - Hotel Ermou Live Version,2422940.0,1:54,2018-07-23,https://i.scdn.co/image/ab67616d00001e0258a2973daf4f31ec68e53ce9
,Xana Mana,2346513.0,4:53,2015-11-30,https://i.scdn.co/image/ab67616d00001e02b0f3e9716968614adad15b00
,O Telefteos Horos,2235781.0,5:52,1991-07-05,https://i.scdn.co/image/ab67616d0000b273f3e327be7438dc36251320dc
,Tyraniemai,2187549.0,4:00,2012-06-11,https://i.scdn.co/image/ab67616d00001e0220a5bdab0e7d4b31ec3d8fe6
,Xrysopsara,2178032.0,3:54,2024-05-17,https://i.scdn.co/image/ab67616d00001e0225f421c6d59fc75c96b58108
,Psihedelia - Live Version,2169378.0,3:13,2005-01-27,https://i.scdn.co/image/ab67616d00001e021f1ac446c500bab767932f58
,Empnefsi - Hotel Ermou Live Version,2162092.0,2:26,2018-07-23,https://i.scdn.co/image/ab67616d00001e0258a2973daf4f31ec68e53ce9
,Emis,1934387.0,3:44,1992-06-04,https://i.scdn.co/image/ab67616d00001e025c6925bf70a4960c8e124d86
,Den Thelo Na Xeris,1924406.0,5:19,1992-06-04,https://i.scdn.co/image/ab67616d00001e02ec8882aba54284ba0cf8e1fd
,Protereotita,1903473.0,4:15,2010-11-08,https://i.scdn.co/image/ab67616d00001e024ac13d5da9b353fd4e6ab919
,Kaka Pedia,1900455.0,5:12,2000-11-16,https://i.scdn.co/image/ab67616d00001e022f038cc4ad078bf55ed8c2a5
,Moni Mou,1832619.0,3:54,2000-11-16,https://i.scdn.co/image/ab67616d00001e022f038cc4ad078bf55ed8c2a5
,Ke Eho Tosa Na Thimame,1826895.0,3:46,1984-03-14,https://i.scdn.co/image/ab67616d00001e02748dabd792ec65b630b3015e
,"Se Thelo, Me Thelis (Mixed)",1824408.0,4:25,1997-04-16,https://i.scdn.co/image/ab67616d0000b2737e1785e00c2e1ce8aef7bb61
,Everything,1795287.0,2:60,2006-03-31,https://i.scdn.co/image/ab67616d00001e029c457e147f0aa4c6c4cead88
,Pes To Ksana,1754468.0,3:51,2002-10-10,https://i.scdn.co/image/ab67616d00001e02b6abec5528a11ae2450385c1
,Sentonia,1725246.0,3:47,1996-02-29,https://i.scdn.co/image/ab67616d00001e022abb79908fe729496b83a191
,Ekpliksi,1576907.0,4:21,2002-10-10,https://i.scdn.co/image/ab67616d00001e02b6abec5528a11ae2450385c1
,Vaterlo,1573685.0,3:58,2003-12-04,https://i.scdn.co/image/ab67616d00001e02724136a05d2062a661672ba4
,Ekatommiria,1495758.0,4:04,1996-02-29,https://i.scdn.co/image/ab67616d00001e022abb79908fe729496b83a191
,Ki Omos Den Teleionei,1442212.0,4:06,2021-06-11,https://i.scdn.co/image/ab67616d00001e02c5cd7945d06063c34e380b01
,Ksana,1424629.0,4:56,2023-06-26,https://i.scdn.co/image/ab67616d00001e0213381f57957f2c1c8cd65217
,Exairesi,1393378.0,4:36,2025-11-21,https://i.scdn.co/image/ab67616d00001e020b4693ef4d1f7a2f62a0e982
,Oso Eho Foni,1392785.0,2:22,1981-05-25,https://i.scdn.co/image/ab67616d00001e020b0cc51415d4ad57f6c6c9d6
,Na 'Se Kala,1304960.0,4:03,1997-04-16,https://i.scdn.co/image/ab67616d00001e02e69329448409b803d727719e
,Oso Eho Foni - Hotel Ermou Live Version,1299098.0,1:35,2018-07-23,https://i.scdn.co/image/ab67616d00001e0258a2973daf4f31ec68e53ce9
,Eisai - Hotel Ermou Live Version,1290840.0,2:04,2018-07-23,https://i.scdn.co/image/ab67616d00001e0258a2973daf4f31ec68e53ce9
,Gia Sas Triadafilla,1270119.0,2:50,2004-01-01,https://i.scdn.co/image/ab67616d00001e020b0cc51415d4ad57f6c6c9d6
,Adistrofi Metrisi,1260109.0,4:00,1984-03-14,https://i.scdn.co/image/ab67616d0000b2739af901b9d9530c01a829a585
,Pragmata,1236686.0,4:37,1986-04-22,https://i.scdn.co/image/ab67616d00001e0265c697e7b6b91a77ace8b7b2
,Tasis Aftoktonias,1199842.0,4:11,2002-10-10,https://i.scdn.co/image/ab67616d00001e02b6abec5528a11ae2450385c1
,Sta Hronia Tis Ipomonis,1189683.0,2:55,1979-10-08,https://i.scdn.co/image/ab67616d00001e020b0cc51415d4ad57f6c6c9d6
,Kalitera I Dio Mas (with Kaiti Garbi),1164203.0,4:15,2000-11-16,https://i.scdn.co/image/ab67616d00001e022f038cc4ad078bf55ed8c2a5
,Den Me Agapas,1132507.0,4:56,2000-11-16,https://i.scdn.co/image/ab67616d00001e022f038cc4ad078bf55ed8c2a5
,Magiko Hali - Hotel Ermou Live Version,1076919.0,4:25,2018-07-23,https://i.scdn.co/image/ab67616d00001e0258a2973daf4f31ec68e53ce9
,Apo Makria Ke Agapimeni,1020716.0,4:02,2008-12-09,https://i.scdn.co/image/ab67616d00001e0293ae850db2b4228fe4977dab
,Agapi Ypervoliki - Hotel Ermou Live Version,1008932.0,1:35,2018-07-23,https://i.scdn.co/image/ab67616d00001e0258a2973daf4f31ec68e53ce9
,Apodeixeis - Hotel Ermou Live Version,882363.0,2:26,2018-07-23,https://i.scdn.co/image/ab67616d00001e0258a2973daf4f31ec68e53ce9
,Travma,850345.0,4:31,1997-04-16,https://i.scdn.co/image/ab67616d00001e02e69329448409b803d727719e
,Erotevmenaki,829438.0,3:23,1998-04-01,https://i.scdn.co/image/ab67616d00001e02ef7de8aeb8507a7c7990668f
,Ola Ta Lefta,803774.0,3:47,2000-11-16,https://i.scdn.co/image/ab67616d00001e022f038cc4ad078bf55ed8c2a5
,Agapi Ine Esi,802497.0,4:11,2010-11-01,https://i.scdn.co/image/ab67616d00001e024ac13d5da9b353fd4e6ab919
,S' Eho Epithimisi,799717.0,3:44,1998-04-01,https://i.scdn.co/image/ab67616d00001e02ef7de8aeb8507a7c7990668f
,Aftos Pou Perimeno,773111.0,2:29,1993-06-01,https://i.scdn.co/image/ab67616d00001e020b0cc51415d4ad57f6c6c9d6
,Kalimera Kenourgia Mou Agapi,728377.0,3:10,1993-06-01,https://i.scdn.co/image/ab67616d00001e020b0cc51415d4ad57f6c6c9d6
,Treno - Hotel Ermou Live Version,710871.0,2:29,2018-07-23,https://i.scdn.co/image/ab67616d00001e0258a2973daf4f31ec68e53ce9
,Fabulous,701947.0,2:59,2009-11-16,https://i.scdn.co/image/ab67616d00001e023c1000a31c891246e049028f
,Agapi Einai Esy - Hotel Ermou Live Version,680152.0,0:37,2018-07-23,https://i.scdn.co/image/ab67616d00001e0258a2973daf4f31ec68e53ce9
,Pragmata - Hotel Ermou Live Version,673208.0,3:55,2018-07-23,https://i.scdn.co/image/ab67616d00001e0258a2973daf4f31ec68e53ce9
,Agapi Ypervoliki - 2023 Version,672334.0,3:23,2022-12-23,https://i.scdn.co/image/ab67616d00001e0235075122c25f7c290f1a676c
,Mavra Gialia,660329.0,4:29,1997-04-16,https://i.scdn.co/image/ab67616d00001e02e69329448409b803d727719e
,Agapoula Mou,655578.0,3:28,2000-11-16,https://i.scdn.co/image/ab67616d00001e022f038cc4ad078bf55ed8c2a5
,Kravgi Hit Mix,651685.0,4:49,2000-11-16,https://i.scdn.co/image/ab67616d00001e022f038cc4ad078bf55ed8c2a5
,Treno - Live Version,646056.0,5:30,2005-01-27,https://i.scdn.co/image/ab67616d00001e021f1ac446c500bab767932f58
,Ola Ta Lefta - Hotel Ermou Live Lounge Version,639949.0,3:13,2018-07-23,https://i.scdn.co/image/ab67616d00001e0258a2973daf4f31ec68e53ce9
,Supernatural Love,616917.0,3:04,2000-06-13,https://i.scdn.co/image/ab67616d00001e0255c69d02a37edefde7c5a8ce
,Den Einai Psema,583571.0,4:11,2019-01-17,https://i.scdn.co/image/ab67616d00001e028a5c3916e7aac5b71b4c72fe
,Nylon,568667.0,4:57,2005-09-26,https://i.scdn.co/image/ab67616d00001e027378ccb9d3a30519e6335e07
,Gia Teleftea Fora,563001.0,4:41,2005-09-26,https://i.scdn.co/image/ab67616d00001e027378ccb9d3a30519e6335e07
,Kalokairina Filia,562189.0,4:00,2017-05-08,https://i.scdn.co/image/ab67616d00001e02485738513921fd2174f63224
,Labo,557956.0,4:18,1992-12-24,https://i.scdn.co/image/ab67616d00001e02ec8882aba54284ba0cf8e1fd
,Parte Ta Ola,537786.0,4:12,1996-02-29,https://i.scdn.co/image/ab67616d00001e022abb79908fe729496b83a191
,Den S'Allazo,531005.0,2:21,1988-06-28,https://i.scdn.co/image/ab67616d00001e0235ea6e4b84aab9e468c0b007
,Agapi Ine,529430.0,4:08,2005-09-26,https://i.scdn.co/image/ab67616d00001e027378ccb9d3a30519e6335e07
,Min Psahnis Tin Agapi,527886.0,4:58,2003-12-04,https://i.scdn.co/image/ab67616d00001e02724136a05d2062a661672ba4
,Apodixis,527041.0,2:46,1986-04-22,https://i.scdn.co/image/ab67616d00001e0265c697e7b6b91a77ace8b7b2
,Trelenome,522487.0,3:55,1996-02-29,https://i.scdn.co/image/ab67616d00001e022abb79908fe729496b83a191
,Ase Tous Erotes,490333.0,4:29,2015-11-30,https://i.scdn.co/image/ab67616d00001e02b0f3e9716968614adad15b00
,Magiko Hali,487415.0,5:11,1988-06-28,https://i.scdn.co/image/ab67616d00001e0235ea6e4b84aab9e468c0b007
,Antistrofi Metrisi - Hotel Ermou Live Version,477997.0,2:56,2018-07-23,https://i.scdn.co/image/ab67616d00001e0258a2973daf4f31ec68e53ce9
,Kanenas,460047.0,4:24,2005-09-26,https://i.scdn.co/image/ab67616d00001e027378ccb9d3a30519e6335e07
,Methysmeni Mou Kardia - Hotel Ermou Live Version,448113.0,2:39,2018-07-23,https://i.scdn.co/image/ab67616d00001e0258a2973daf4f31ec68e53ce9
,Atmosfera Ilektrismeni - Live,428792.0,4:27,2021-02-15,https://i.scdn.co/image/ab67616d00001e02354a278f40042aca47e7db91
,Metra,427985.0,5:17,1995-07-28,https://i.scdn.co/image/ab67616d0000b2734fa1298ad524b31f4e71487e
,Hronia Polla,426247.0,3:23,2002-10-10,https://i.scdn.co/image/ab67616d00001e02b6abec5528a11ae2450385c1
,To Apolyto Keno - Hotel Ermou Live Version,424653.0,4:24,2018-07-23,https://i.scdn.co/image/ab67616d00001e0258a2973daf4f31ec68e53ce9
,Alitissa Psihi,422068.0,4:31,2008-12-09,https://i.scdn.co/image/ab67616d00001e0293ae850db2b4228fe4977dab
,Erotevmenaki - Live Version,420036.0,0:32,2005-01-27,https://i.scdn.co/image/ab67616d00001e021f1ac446c500bab767932f58
,Atmosfaira - Hotel Ermou Live Version,419326.0,2:58,2018-07-23,https://i.scdn.co/image/ab67616d00001e0258a2973daf4f31ec68e53ce9
,Ebnefsi,418031.0,3:22,1989-03-24,https://i.scdn.co/image/ab67616d00001e02feb9079b2827195dbd9c7994
,Kalimera Kenourgia Mou Agapi - Live Version,417267.0,0:32,1984-03-14,https://i.scdn.co/image/ab67616d00001e021f1ac446c500bab767932f58
,Kalimera Kenourgia Mou Agapi - Mixed,411259.0,0:30,2005-11-09,https://i.scdn.co/image/ab67616d0000b27358a45a966c0c09b8b5371b8d
,Logia Kai Siopes - Hotel Ermou Live Version,403807.0,5:15,2018-07-23,https://i.scdn.co/image/ab67616d00001e0258a2973daf4f31ec68e53ce9
,Kravgi - Hotel Ermou Live Version,400719.0,2:19,2018-07-23,https://i.scdn.co/image/ab67616d00001e0258a2973daf4f31ec68e53ce9
,Iliotropia,394872.0,4:26,2019-05-27,https://i.scdn.co/image/ab67616d00001e02c59e9ae0aa1b2ef80e5aecbf
,Ena Sou Leo - Hotel Ermou Live Version,394027.0,4:03,2018-07-23,https://i.scdn.co/image/ab67616d00001e0258a2973daf4f31ec68e53ce9
,Apagorevmeno,390662.0,4:20,2008-12-09,https://i.scdn.co/image/ab67616d00001e0293ae850db2b4228fe4977dab
,Loulaki,380880.0,5:15,2021-03-19,https://i.scdn.co/image/ab67616d00001e02dce5b214a8d162020ae11bd0
,Methismeni Politia,378096.0,3:36,1993-06-01,https://i.scdn.co/image/ab67616d00001e020b0cc51415d4ad57f6c6c9d6
,Me Mia Signomi,372770.0,3:31,2003-12-04,https://i.scdn.co/image/ab67616d00001e02724136a05d2062a661672ba4
,To Megalitero Souxe,368116.0,3:12,1997-04-16,https://i.scdn.co/image/ab67616d00001e02e69329448409b803d727719e
,De Me Agapas - Hotel Ermou Live Version,366344.0,4:08,2018-07-23,https://i.scdn.co/image/ab67616d00001e0258a2973daf4f31ec68e53ce9
,Erotevmenaki - Hotel Ermou Live Acapella Version,365778.0,1:44,2018-07-23,https://i.scdn.co/image/ab67616d00001e0258a2973daf4f31ec68e53ce9
,Osoi Agapane Den Pethainoune,363216.0,4:41,2019-06-03,https://i.scdn.co/image/ab67616d00001e02322de6a45665a7595525ef6c
,Afti Ti Fora,353015.0,6:16,2000-11-16,https://i.scdn.co/image/ab67616d00001e022f038cc4ad078bf55ed8c2a5
,Apolito Keno,345933.0,5:01,1997-04-16,https://i.scdn.co/image/ab67616d00001e02e69329448409b803d727719e
,Call Me - Original Version,345540.0,4:21,2007-07-30,https://i.scdn.co/image/ab67616d00001e02702da3d23eb8acdafa3222e6
,Klima Tropiko - Hotel Ermou Live Version,340653.0,3:60,2018-07-23,https://i.scdn.co/image/ab67616d00001e0258a2973daf4f31ec68e53ce9
,Schizofreneia - Hotel Ermou Live Version,338789.0,3:01,2018-07-23,https://i.scdn.co/image/ab67616d00001e0258a2973daf4f31ec68e53ce9
,Methismeni Mou Kardia,337506.0,3:52,1998-04-01,https://i.scdn.co/image/ab67616d00001e02ef7de8aeb8507a7c7990668f
,Ekatommyria - Hotel Ermou Live Version,337051.0,1:35,2018-07-23,https://i.scdn.co/image/ab67616d00001e0258a2973daf4f31ec68e53ce9
,Paralio,326550.0,5:20,1996-02-29,https://i.scdn.co/image/ab67616d00001e022abb79908fe729496b83a191
,Oasi,326486.0,4:19,2010-12-24,https://i.scdn.co/image/ab67616d00001e02922b24b13893afa0017d0362
,Antidoto,325644.0,4:41,1998-04-01,https://i.scdn.co/image/ab67616d00001e02ef7de8aeb8507a7c7990668f
,Ta Mathitika Hronia,324503.0,6:52,1988-06-28,https://i.scdn.co/image/ab67616d00001e0235ea6e4b84aab9e468c0b007
,S' Agapo M' Agapas - Live,323363.0,0:36,2021-02-15,https://i.scdn.co/image/ab67616d00001e02354a278f40042aca47e7db91
,Meta Apo Sena Esy,319265.0,4:52,2019-06-03,https://i.scdn.co/image/ab67616d00001e02322de6a45665a7595525ef6c
,Paralyo - Hotel Ermou Live Version,317397.0,6:59,2018-07-23,https://i.scdn.co/image/ab67616d00001e0258a2973daf4f31ec68e53ce9
,Ego Moro Mou,316742.0,3:54,2003-12-04,https://i.scdn.co/image/ab67616d00001e02724136a05d2062a661672ba4
,Sta 'Dosa Ola - Live,315159.0,2:02,2021-02-15,https://i.scdn.co/image/ab67616d00001e02354a278f40042aca47e7db91
,Gia Teleftaia Fora - Hotel Ermou Live Acoustic Version,315060.0,2:34,2018-07-23,https://i.scdn.co/image/ab67616d00001e0258a2973daf4f31ec68e53ce9
,Re - Hotel Ermou Live Version,312434.0,3:55,2018-07-23,https://i.scdn.co/image/ab67616d00001e0258a2973daf4f31ec68e53ce9
,Erota I Polemo (with Nikos Vourliotis),307924.0,4:17,2005-09-26,https://i.scdn.co/image/ab67616d00001e027378ccb9d3a30519e6335e07
,Tora - Hotel Ermou Live Version,307352.0,2:47,2018-07-23,https://i.scdn.co/image/ab67616d00001e0258a2973daf4f31ec68e53ce9
,Gazi,300813.0,5:08,1998-04-01,https://i.scdn.co/image/ab67616d00001e02ef7de8aeb8507a7c7990668f
,Synentefxi - Hotel Ermou Live Version,298002.0,4:37,2018-07-23,https://i.scdn.co/image/ab67616d00001e0258a2973daf4f31ec68e53ce9
,S' Agapo M' Agapas,297396.0,3:52,1996-02-29,https://i.scdn.co/image/ab67616d00001e022abb79908fe729496b83a191
,Gia Ena Lepto,295204.0,4:02,2008-12-09,https://i.scdn.co/image/ab67616d00001e0293ae850db2b4228fe4977dab
,Me Agapi Apo Mena Gia Sena,284975.0,2:30,1986-04-22,https://i.scdn.co/image/ab67616d00001e0265c697e7b6b91a77ace8b7b2
,Kaka Paidia - Hotel Ermou Live Version,284747.0,2:39,2018-07-23,https://i.scdn.co/image/ab67616d00001e0258a2973daf4f31ec68e53ce9
,De Me Agapas - Live,282872.0,0:48,2021-02-15,https://i.scdn.co/image/ab67616d00001e02354a278f40042aca47e7db91
,Boom Boom Boom,279923.0,4:25,2019-01-17,https://i.scdn.co/image/ab67616d00001e02f697a1469bd64df980023aac
,Gia Sena - Hotel Ermou Live Version,279871.0,4:51,2018-07-23,https://i.scdn.co/image/ab67616d00001e0258a2973daf4f31ec68e53ce9
,Xana Mana - Hotel Ermou Live Version,277688.0,5:07,2018-07-23,https://i.scdn.co/image/ab67616d00001e0258a2973daf4f31ec68e53ce9
,Kalytera Moni - Hotel Ermou Live Version,274958.0,4:02,2018-07-23,https://i.scdn.co/image/ab67616d00001e0258a2973daf4f31ec68e53ce9
,Siga!,274141.0,3:25,1997-04-16,https://i.scdn.co/image/ab67616d00001e02e69329448409b803d727719e
,Gia Sena,273938.0,5:04,2015-10-18,https://i.scdn.co/image/ab67616d00001e02e549d07abd68fe355f28d0c1
,Dodeka - Hotel Ermou Live Version,272252.0,7:04,2018-07-23,https://i.scdn.co/image/ab67616d00001e0258a2973daf4f31ec68e53ce9
,Pseftika,269787.0,4:08,1989-12-16,https://i.scdn.co/image/ab67616d00001e0259e2ae559dcda970e677d36e
,Kaka Pedia - Live Version,269706.0,0:36,2005-01-27,https://i.scdn.co/image/ab67616d00001e021f1ac446c500bab767932f58
,Oso Eho Foni - Live Version,267081.0,1:08,1984-03-14,https://i.scdn.co/image/ab67616d00001e021f1ac446c500bab767932f58
,Kanenas - Hotel Ermou Live Version,262925.0,3:56,2018-07-23,https://i.scdn.co/image/ab67616d00001e0258a2973daf4f31ec68e53ce9
,Martirio,260291.0,5:38,2002-10-10,https://i.scdn.co/image/ab67616d00001e02b6abec5528a11ae2450385c1
,Min Psachneis Tin Agapi - Hotel Ermou Live Version,260003.0,5:30,2018-07-23,https://i.scdn.co/image/ab67616d00001e0258a2973daf4f31ec68e53ce9
,San Kai Mena Kamia - Hotel Ermou Live Version,257132.0,3:06,2018-07-23,https://i.scdn.co/image/ab67616d00001e0258a2973daf4f31ec68e53ce9
,Vaterlo - Live Version,256431.0,4:03,2005-01-27,https://i.scdn.co/image/ab67616d00001e021f1ac446c500bab767932f58
,Ena Sou Leo,251880.0,3:60,1991-02-14,https://i.scdn.co/image/ab67616d00001e0294e085b2ede4f62a20f60820
,Kalokairines Diakopes,250513.0,3:34,2025-08-01,https://i.scdn.co/image/ab67616d00001e02c271b6b6228b38da6663f521
,Fevgo - Extended Live Version,249077.0,2:07,2005-01-27,https://i.scdn.co/image/ab67616d00001e021f1ac446c500bab767932f58
,De Thelo Na Xereis - Hotel Ermou Live Version,246317.0,4:26,2018-07-23,https://i.scdn.co/image/ab67616d00001e0258a2973daf4f31ec68e53ce9
,Travma - Hotel Ermou Live Version,246227.0,4:55,2018-07-23,https://i.scdn.co/image/ab67616d00001e0258a2973daf4f31ec68e53ce9
,Re!,244883.0,5:07,1995-09-18,https://i.scdn.co/image/ab67616d00001e029b1659f5770ea89cfad1f157
,Ena Hrono To Perisotero,243508.0,5:05,1984-03-14,https://i.scdn.co/image/ab67616d0000b2739af901b9d9530c01a829a585
,Kalimera Kainourgia Mou Agapi - Hotel Ermou Live Version,240158.0,0:54,2018-07-23,https://i.scdn.co/image/ab67616d00001e0258a2973daf4f31ec68e53ce9
,Kalokeria Ke Himones - Live Version,240119.0,0:38,2005-01-27,https://i.scdn.co/image/ab67616d00001e021f1ac446c500bab767932f58
,Ta Mathitika Ta Chronia - Hotel Ermou Live Version,233615.0,3:07,2018-07-23,https://i.scdn.co/image/ab67616d00001e0258a2973daf4f31ec68e53ce9
,Flegomenos Trohos,232214.0,5:42,2019-06-03,https://i.scdn.co/image/ab67616d00001e02322de6a45665a7595525ef6c
,Ke Ti Egine,227766.0,4:19,1996-02-29,https://i.scdn.co/image/ab67616d00001e022abb79908fe729496b83a191
,San Ke Mena Kamia,226647.0,2:42,1985-01-10,https://i.scdn.co/image/ab67616d00001e025f20f2f63fe64bfe775da003
,Vre Kouto,226624.0,3:51,2019-01-17,https://i.scdn.co/image/ab67616d00001e02f697a1469bd64df980023aac
,Vre Kouto (with Anna Vissi),226344.0,3:48,2002-11-12,https://i.scdn.co/image/ab67616d0000b273f83a49797c10cfa1efc653cb
,Magava Tout (Thelo Esena),225811.0,4:36,1998-04-01,https://i.scdn.co/image/ab67616d00001e02ef7de8aeb8507a7c7990668f
,Eprepe - Hotel Ermou Live Version,224798.0,2:14,2018-07-23,https://i.scdn.co/image/ab67616d00001e0258a2973daf4f31ec68e53ce9
,O Antras Tis Zois Mou,219848.0,3:27,2003-12-04,https://i.scdn.co/image/ab67616d00001e02724136a05d2062a661672ba4
,Mia Fora Monaha Ftani - Live Version,218257.0,0:33,2005-01-27,https://i.scdn.co/image/ab67616d00001e021f1ac446c500bab767932f58
,Ntrepomai - Hotel Ermou Live Version,216485.0,2:30,2018-07-23,https://i.scdn.co/image/ab67616d00001e0258a2973daf4f31ec68e53ce9
,Horis Dekara - Live Version,214443.0,0:31,2005-01-27,https://i.scdn.co/image/ab67616d00001e021f1ac446c500bab767932f58
,Moni Mou - Hotel Ermou Live Version,214441.0,2:20,2018-07-23,https://i.scdn.co/image/ab67616d00001e0258a2973daf4f31ec68e53ce9
,Epilogi Mou,214193.0,4:07,2000-11-16,https://i.scdn.co/image/ab67616d00001e022f038cc4ad078bf55ed8c2a5
,Sadismos,210855.0,5:22,2000-11-16,https://i.scdn.co/image/ab67616d00001e022f038cc4ad078bf55ed8c2a5
,Atmosfera Ilektrismeni - Live Version,210740.0,2:42,2005-01-27,https://i.scdn.co/image/ab67616d00001e021f1ac446c500bab767932f58
,Fevgo,210614.0,4:20,2003-12-04,https://i.scdn.co/image/ab67616d00001e02724136a05d2062a661672ba4
,Kypseli - Hotel Ermou Live Version,207356.0,3:48,2018-07-23,https://i.scdn.co/image/ab67616d00001e0258a2973daf4f31ec68e53ce9
,Ti Na Thimitho Ti Na Xehaso - Live Version,206749.0,0:32,2005-01-27,https://i.scdn.co/image/ab67616d00001e021f1ac446c500bab767932f58
,To Parelthon Mou,206344.0,3:32,2008-12-09,https://i.scdn.co/image/ab67616d00001e0293ae850db2b4228fe4977dab
,Horis To Moro Mou / Waterloo - Hotel Ermou Live Medley Version,205467.0,3:48,2018-07-23,https://i.scdn.co/image/ab67616d00001e0258a2973daf4f31ec68e53ce9
,Mi Mou Pathis Tipota,204268.0,3:42,1984-03-14,https://i.scdn.co/image/ab67616d0000b2739af901b9d9530c01a829a585
,Sigharitiria - Live Version,204197.0,2:31,2005-01-27,https://i.scdn.co/image/ab67616d00001e021f1ac446c500bab767932f58
,Akoma Mia,202569.0,4:51,1992-12-24,https://i.scdn.co/image/ab67616d00001e02ec8882aba54284ba0cf8e1fd
,Me Mia Signomi - Live Version,200482.0,1:42,2005-01-27,https://i.scdn.co/image/ab67616d00001e021f1ac446c500bab767932f58
,Me Agapi Anna - Hotel Ermou Live Version,197838.0,2:57,2018-07-23,https://i.scdn.co/image/ab67616d00001e0258a2973daf4f31ec68e53ce9
,S Eho Epithymisei - Hotel Ermou Live Version,196303.0,1:44,2018-07-23,https://i.scdn.co/image/ab67616d00001e0258a2973daf4f31ec68e53ce9
,Na Sai Kala - Hotel Ermou Live Version,195826.0,2:59,2018-07-23,https://i.scdn.co/image/ab67616d00001e0258a2973daf4f31ec68e53ce9
,Ola Ta Lefta - Hotel Ermou Live Version,195432.0,1:11,2018-07-23,https://i.scdn.co/image/ab67616d00001e0258a2973daf4f31ec68e53ce9
,Mou Anikis,194182.0,4:18,1998-04-01,https://i.scdn.co/image/ab67616d00001e02ef7de8aeb8507a7c7990668f
,Se Skeftomai Syneheia - Hotel Ermou Live Version,190868.0,3:48,2018-07-23,https://i.scdn.co/image/ab67616d00001e0258a2973daf4f31ec68e53ce9
,Pragmata,190158.0,3:31,2014-06-10,https://i.scdn.co/image/ab67616d00001e02ec9126cabf490338255d00d6
,I Mousiki Tou Anemou - Hotel Ermou Live Instrumental Version,186199.0,4:01,2018-07-23,https://i.scdn.co/image/ab67616d00001e0258a2973daf4f31ec68e53ce9
,O Telefteos Stathmos,184052.0,4:08,1998-04-01,https://i.scdn.co/image/ab67616d00001e02ef7de8aeb8507a7c7990668f
,Magava Tout - Hotel Ermou Live Version,181861.0,5:26,2018-07-23,https://i.scdn.co/image/ab67616d00001e0258a2973daf4f31ec68e53ce9
,Antidoto - Hotel Ermou Live Version,181795.0,3:05,2018-07-23,https://i.scdn.co/image/ab67616d00001e0258a2973daf4f31ec68e53ce9
,Lathos Strofi,181584.0,4:21,2015-11-30,https://i.scdn.co/image/ab67616d00001e02b0f3e9716968614adad15b00
,Agapoula Mou - Hotel Ermou Live Version,179195.0,2:07,2018-07-23,https://i.scdn.co/image/ab67616d00001e0258a2973daf4f31ec68e53ce9
,Parte Ta Ola - Hotel Ermou Live Version,178800.0,1:08,2018-07-23,https://i.scdn.co/image/ab67616d00001e0258a2973daf4f31ec68e53ce9
,Ntrepome,173387.0,3:48,1997-04-16,https://i.scdn.co/image/ab67616d00001e02e69329448409b803d727719e
,Ime Poli Kala,173349.0,5:31,1995-09-18,https://i.scdn.co/image/ab67616d00001e029b1659f5770ea89cfad1f157
,S' Agapo,170202.0,3:24,1993-06-01,https://i.scdn.co/image/ab67616d00001e02c176d9198d6a57350aab448a
,Kalytera Moni,167991.0,3:58,2015-11-30,https://i.scdn.co/image/ab67616d00001e02b0f3e9716968614adad15b00
,Mesa Mou - Acoustic Version,167671.0,3:53,2018-12-03,https://i.scdn.co/image/ab67616d00001e024b05eba1e35937bff4887d34
,Pes To Xana - Live,164507.0,1:22,2021-02-15,https://i.scdn.co/image/ab67616d00001e02354a278f40042aca47e7db91
,Ise - Live Version,163088.0,4:46,2005-01-27,https://i.scdn.co/image/ab67616d00001e021f1ac446c500bab767932f58
,Lampo - Hotel Ermou Live Version,162874.0,7:48,2018-07-23,https://i.scdn.co/image/ab67616d00001e0258a2973daf4f31ec68e53ce9
,Eki,162611.0,4:44,1997-04-16,https://i.scdn.co/image/ab67616d00001e02e69329448409b803d727719e
,Den Me Agapas - Live Version,161239.0,2:10,2005-01-27,https://i.scdn.co/image/ab67616d00001e021f1ac446c500bab767932f58
,Logia Ke Siopes,161103.0,5:14,2005-09-26,https://i.scdn.co/image/ab67616d00001e027378ccb9d3a30519e6335e07
,Eho Pethani Gia Sena - Live Version,160649.0,4:20,2005-01-27,https://i.scdn.co/image/ab67616d00001e021f1ac446c500bab767932f58
,Xrysopsara - Display & Tony Fragment Remix,160118.0,3:35,2024-07-15,https://i.scdn.co/image/ab67616d00001e02c50c75953790a5c01c6a674a
,Protimo Na Pethaino,158610.0,4:12,2015-11-30,https://i.scdn.co/image/ab67616d00001e02b0f3e9716968614adad15b00
,Aaa Aaa (Ke Horisame),157555.0,3:01,2000-11-16,https://i.scdn.co/image/ab67616d00001e022f038cc4ad078bf55ed8c2a5
,Thivet,156667.0,5:56,2000-11-16,https://i.scdn.co/image/ab67616d00001e022f038cc4ad078bf55ed8c2a5
,S' Agapo,156418.0,3:22,1974-03-27,https://i.scdn.co/image/ab67616d0000b27332aee4912a029329e9666684
,Parte Ta Ola - Live,155842.0,2:43,2021-02-15,https://i.scdn.co/image/ab67616d00001e02354a278f40042aca47e7db91
,Sti Pira - La Bratsa - Mila Mou Vromika,154345.0,3:07,2010-07-12,https://i.scdn.co/image/ab67616d0000b2733930f908a064da1e03d842b0
,Antistrofi Metrisi - Live,151075.0,3:33,2021-02-15,https://i.scdn.co/image/ab67616d00001e02354a278f40042aca47e7db91
,Ena I Kanena - Radio Version,148535.0,5:15,2014-01-27,https://i.scdn.co/image/ab67616d00001e02e4ebd7f4efadac0ca40f19b5
,Horevo,147997.0,3:59,1996-02-29,https://i.scdn.co/image/ab67616d00001e022abb79908fe729496b83a191
,Den Tha Iparxi Allo,147476.0,3:49,2010-12-24,https://i.scdn.co/image/ab67616d00001e02922b24b13893afa0017d0362
,Eprepe,147067.0,3:35,1997-04-16,https://i.scdn.co/image/ab67616d00001e02e69329448409b803d727719e
,Demones Rock Opera - Part 16,146033.0,4:55,1991-03-14,https://i.scdn.co/image/ab67616d00001e02f3d11c93e52f0c2c0116d0a4
,Se Skeftome Sinehia,145634.0,3:46,1989-12-16,https://i.scdn.co/image/ab67616d00001e0259e2ae559dcda970e677d36e
,Risko,143941.0,3:30,2008-12-09,https://i.scdn.co/image/ab67616d00001e0293ae850db2b4228fe4977dab
,Fotia,140783.0,3:54,1989-12-16,https://i.scdn.co/image/ab67616d00001e0259e2ae559dcda970e677d36e
,Akoma Mia - Hotel Ermou Live Version,140357.0,1:49,2018-07-23,https://i.scdn.co/image/ab67616d00001e0258a2973daf4f31ec68e53ce9
,Methysmeni Politeia - Hotel Ermou Live Version,138510.0,3:02,2018-07-23,https://i.scdn.co/image/ab67616d00001e0258a2973daf4f31ec68e53ce9
,Paresthisis,138318.0,3:50,2003-12-04,https://i.scdn.co/image/ab67616d00001e02724136a05d2062a661672ba4
,Agapi Ipervoliki - Live Version,137985.0,5:57,2005-01-27,https://i.scdn.co/image/ab67616d00001e021f1ac446c500bab767932f58
,Empnefsi,133410.0,3:32,2014-06-10,https://i.scdn.co/image/ab67616d00001e02ec9126cabf490338255d00d6
,Moro Mou - No Tomorrow - Hotel Ermou Live Version,133315.0,4:15,2018-07-23,https://i.scdn.co/image/ab67616d00001e0258a2973daf4f31ec68e53ce9
,Erotevmenaki - Hotel Ermou Live Version,132620.0,2:46,2018-07-23,https://i.scdn.co/image/ab67616d00001e0258a2973daf4f31ec68e53ce9
,Synentefxi,131969.0,5:04,2015-11-30,https://i.scdn.co/image/ab67616d00001e02b0f3e9716968614adad15b00
,Oso Eho Foni - The Revival Mix,131535.0,3:27,1997-11-07,https://i.scdn.co/image/ab67616d00001e0235c3c159825c6c895d064586
,Ego Moro Mou - Live Version,130212.0,2:51,2005-01-27,https://i.scdn.co/image/ab67616d00001e021f1ac446c500bab767932f58
,Kipseli,129800.0,3:23,1988-06-28,https://i.scdn.co/image/ab67616d00001e0235ea6e4b84aab9e468c0b007
,Triplos Kafes,129196.0,3:11,2015-11-30,https://i.scdn.co/image/ab67616d00001e02b0f3e9716968614adad15b00
,Kardia Apo Petra,128652.0,4:14,2000-11-16,https://i.scdn.co/image/ab67616d00001e022f038cc4ad078bf55ed8c2a5
,Mono I Agapi,126881.0,2:45,2006-01-01,https://i.scdn.co/image/ab67616d00001e0267ef15e7f2ee2b1e6253dea2
,Aima - Antonis Dimitriadis Remix,125812.0,2:60,2022-07-18,https://i.scdn.co/image/ab67616d00001e02891096483ec406d440b2b9ae
,Ola Ta Lefta - Live Version,125124.0,2:18,2005-01-27,https://i.scdn.co/image/ab67616d00001e021f1ac446c500bab767932f58
,Protimo Na Pethaino - Themis G. Remix,124083.0,4:02,2016-11-28,https://i.scdn.co/image/ab67616d00001e02edac026a780e59437ca4f1ea
,Ipervoles,123362.0,3:53,1991-02-14,https://i.scdn.co/image/ab67616d00001e0294e085b2ede4f62a20f60820
,Erimi Poli,122352.0,4:20,2003-12-04,https://i.scdn.co/image/ab67616d00001e02724136a05d2062a661672ba4
,Maura Gualia,119939.0,4:25,2025-01-01,https://i.scdn.co/image/ab67616d00001e0289b564940e7d0488251cf51e
,S' Eho Epithimisi - Live Version,119270.0,1:37,2005-01-27,https://i.scdn.co/image/ab67616d00001e021f1ac446c500bab767932f58
,Na 'Se Kala - Live Version,117834.0,1:48,2005-01-27,https://i.scdn.co/image/ab67616d00001e021f1ac446c500bab767932f58
,Oti Mou Zitisis,117305.0,5:59,1996-02-29,https://i.scdn.co/image/ab67616d00001e022abb79908fe729496b83a191
,Se Chreiazomai - Hotel Ermou Live Version,117001.0,3:57,2018-07-23,https://i.scdn.co/image/ab67616d00001e0258a2973daf4f31ec68e53ce9
,Pragmata,116923.0,4:26,2025-01-01,https://i.scdn.co/image/ab67616d00001e0289b564940e7d0488251cf51e
,Apopse Lipis Apo 'Do,115263.0,4:25,2000-11-16,https://i.scdn.co/image/ab67616d00001e022f038cc4ad078bf55ed8c2a5
,Oto Stop,111669.0,3:04,2004-01-01,https://i.scdn.co/image/ab67616d00001e0267ef15e7f2ee2b1e6253dea2
,Apo Makria Ke Agapimeni - Remix by Alex Papaconstantinou,111437.0,2:11,2009-12-25,https://i.scdn.co/image/ab67616d0000b273aaeedd302f714fd041d6ce75
,An S' Erotefto,109549.0,3:29,2008-12-09,https://i.scdn.co/image/ab67616d00001e0293ae850db2b4228fe4977dab
,De S' Allazo - Live Version,108852.0,1:28,1984-03-14,https://i.scdn.co/image/ab67616d00001e021f1ac446c500bab767932f58
,Ke Ti Egine - Live,108214.0,0:51,2005-01-27,https://i.scdn.co/image/ab67616d00001e021f1ac446c500bab767932f58
,Ebnefsi - Live,108119.0,2:27,1993-12-17,https://i.scdn.co/image/ab67616d00001e0212e44acc3e380f6fa9cd0446
,Tora,108083.0,3:20,1988-06-28,https://i.scdn.co/image/ab67616d00001e0235ea6e4b84aab9e468c0b007
,Kala Xristougenna,106736.0,3:43,2012-12-24,https://i.scdn.co/image/ab67616d00001e02d0d6630e1b3df2800997869a
,Ola Ta Lefta - Live Version,105810.0,1:33,2005-01-27,https://i.scdn.co/image/ab67616d00001e021f1ac446c500bab767932f58
,Dodeka - Live,105410.0,2:35,1993-12-17,https://i.scdn.co/image/ab67616d00001e0212e44acc3e380f6fa9cd0446
,Horis To Moro Mou - Live Version,104124.0,1:45,2005-01-27,https://i.scdn.co/image/ab67616d00001e021f1ac446c500bab767932f58
,Ena Sou Leo Ena,102995.0,4:35,2025-01-01,https://i.scdn.co/image/ab67616d00001e0289b564940e7d0488251cf51e
,Ase Tous Erotes - Hotel Ermou Live Version,102146.0,3:34,2018-07-23,https://i.scdn.co/image/ab67616d00001e0258a2973daf4f31ec68e53ce9
,Sentonia - Live Version,100559.0,1:56,2005-01-27,https://i.scdn.co/image/ab67616d00001e021f1ac446c500bab767932f58
,Monaxia,100549.0,5:10,2019-06-03,https://i.scdn.co/image/ab67616d00001e02322de6a45665a7595525ef6c
,Dodeka - Live Version,100530.0,2:44,1984-03-14,https://i.scdn.co/image/ab67616d00001e021f1ac446c500bab767932f58
,Oso Exo Foni,100064.0,1:31,2025-01-01,https://i.scdn.co/image/ab67616d00001e0289b564940e7d0488251cf51e
,Ora Na Fevgo - Hotel Ermou Live Version,99331.0,3:25,2018-07-23,https://i.scdn.co/image/ab67616d00001e0258a2973daf4f31ec68e53ce9
,Sta Chronia Tis Ypomonis - Hotel Ermou Live Version,97824.0,2:34,2018-07-23,https://i.scdn.co/image/ab67616d00001e0258a2973daf4f31ec68e53ce9
,Gi' Alla - Hotel Ermou Live Version,97299.0,2:60,2018-07-23,https://i.scdn.co/image/ab67616d00001e0258a2973daf4f31ec68e53ce9
,Na Ton Agapas,97259.0,4:43,1998-04-01,https://i.scdn.co/image/ab67616d00001e02ef7de8aeb8507a7c7990668f
,Paresthisis - Live Version,96959.0,2:58,2005-01-27,https://i.scdn.co/image/ab67616d00001e021f1ac446c500bab767932f58
,Paralio - Live Version,93360.0,3:37,2005-01-27,https://i.scdn.co/image/ab67616d00001e021f1ac446c500bab767932f58
,Auti Ti Fora,92664.0,6:34,2025-01-01,https://i.scdn.co/image/ab67616d00001e0289b564940e7d0488251cf51e
,Kravgi - Live Version,91357.0,5:58,2005-01-27,https://i.scdn.co/image/ab67616d00001e021f1ac446c500bab767932f58
,Methismeni Mou Kardia,90383.0,3:52,2025-01-01,https://i.scdn.co/image/ab67616d00001e0289b564940e7d0488251cf51e
,Enarksi,89751.0,2:54,2025-01-01,https://i.scdn.co/image/ab67616d00001e0289b564940e7d0488251cf51e
,Magiko Xali,88803.0,4:55,2025-01-01,https://i.scdn.co/image/ab67616d00001e0289b564940e7d0488251cf51e
,I Synteleia Tou Kosmou,88549.0,4:38,2019-06-03,https://i.scdn.co/image/ab67616d00001e02322de6a45665a7595525ef6c
,Sta Evdominta Ennea,88487.0,2:34,2019-01-17,https://i.scdn.co/image/ab67616d00001e02f697a1469bd64df980023aac
,O Antras Tis Zois Mou - Live Version,87965.0,1:17,2005-01-27,https://i.scdn.co/image/ab67616d00001e021f1ac446c500bab767932f58
,Eimai To Simera Ki Eisai To Hthes,87927.0,3:38,1982-12-17,https://i.scdn.co/image/ab67616d00001e02d88d7bedbfbd881b07f3f89f
,Erota Mou Apiste - Hotel Ermou Live Version,87656.0,3:10,2018-07-23,https://i.scdn.co/image/ab67616d00001e0258a2973daf4f31ec68e53ce9
,Gazi - Live Version,87229.0,2:06,2005-01-27,https://i.scdn.co/image/ab67616d00001e021f1ac446c500bab767932f58
,Ekatommiria - Live Version,87067.0,1:39,2005-01-27,https://i.scdn.co/image/ab67616d00001e021f1ac446c500bab767932f58
,Den Apofasisa Ego,86790.0,4:19,2003-12-04,https://i.scdn.co/image/ab67616d00001e02724136a05d2062a661672ba4
,Kane Kati,86536.0,4:52,2008-12-09,https://i.scdn.co/image/ab67616d00001e0293ae850db2b4228fe4977dab
,Girna,86376.0,3:13,2003-12-04,https://i.scdn.co/image/ab67616d00001e02724136a05d2062a661672ba4
,X,86265.0,4:52,2002-10-10,https://i.scdn.co/image/ab67616d00001e02b6abec5528a11ae2450385c1
,Ta Heirotera,85470.0,5:13,2019-06-03,https://i.scdn.co/image/ab67616d00001e02322de6a45665a7595525ef6c
,Ora Na Fevgo,84725.0,3:53,2012-03-12,https://i.scdn.co/image/ab67616d00001e02cdd3dc0f3a08affbb9f4b709
,Istoria Mou - Live Version,84557.0,2:37,2005-01-27,https://i.scdn.co/image/ab67616d00001e021f1ac446c500bab767932f58
,Paraxenes Ikones,83939.0,3:57,2003-12-04,https://i.scdn.co/image/ab67616d00001e02724136a05d2062a661672ba4
,Horis Ta Psemata,83646.0,4:04,2015-11-30,https://i.scdn.co/image/ab67616d00001e02b0f3e9716968614adad15b00
,Moni Mou - Live Version,81766.0,0:57,2005-01-27,https://i.scdn.co/image/ab67616d00001e021f1ac446c500bab767932f58
,Se Hlomo To Vlepo,80005.0,3:18,2003-12-04,https://i.scdn.co/image/ab67616d00001e02724136a05d2062a661672ba4
,Travma - Live Version,79937.0,5:40,2005-01-27,https://i.scdn.co/image/ab67616d00001e021f1ac446c500bab767932f58
,Tha Pio Apopse To Fegari - Live Version,79350.0,1:26,2005-01-27,https://i.scdn.co/image/ab67616d00001e021f1ac446c500bab767932f58
,Esorouha - Live Version,79258.0,1:59,1984-03-14,https://i.scdn.co/image/ab67616d00001e021f1ac446c500bab767932f58
,Den Thelo Na Xeris - Live Version,78823.0,1:53,2005-01-27,https://i.scdn.co/image/ab67616d00001e021f1ac446c500bab767932f58
,Antidoto - Live Version,77953.0,0:54,2005-01-27,https://i.scdn.co/image/ab67616d00001e021f1ac446c500bab767932f58
,Pente Hronia Dikasmenos,77669.0,5:25,2008-12-09,https://i.scdn.co/image/ab67616d00001e0293ae850db2b4228fe4977dab
,Agapa Me (Abrazame) - Live Version,77333.0,1:30,2005-01-27,https://i.scdn.co/image/ab67616d00001e021f1ac446c500bab767932f58
,Intro - Hotel Ermou Live Instrumental Version,77093.0,2:35,2018-07-23,https://i.scdn.co/image/ab67616d00001e0258a2973daf4f31ec68e53ce9
,Ime Poli Kala - Dance Mix,76943.0,5:49,1995-09-18,https://i.scdn.co/image/ab67616d00001e029b1659f5770ea89cfad1f157
,Ta Mathitika Hronia - Live,76933.0,2:25,1993-12-17,https://i.scdn.co/image/ab67616d00001e0212e44acc3e380f6fa9cd0446
,S’ Agapo - Ax! Peristeri Mou,75518.0,3:38,2025-01-01,https://i.scdn.co/image/ab67616d00001e0289b564940e7d0488251cf51e
,Nostalgia,74826.0,5:19,2000-11-16,https://i.scdn.co/image/ab67616d00001e022f038cc4ad078bf55ed8c2a5
,Ola Ine Entaxi,74288.0,5:00,2019-01-17,https://i.scdn.co/image/ab67616d00001e02f697a1469bd64df980023aac
,To Katalaves?,73988.0,3:51,1997-04-16,https://i.scdn.co/image/ab67616d00001e02e69329448409b803d727719e
,I Tilirkotsia,73122.0,2:35,1995-07-24,https://i.scdn.co/image/ab67616d00001e024d55039ddd94bdc5884066c7
,Dipsasa Stin Porta Sou,73032.0,4:04,1994-04-27,https://i.scdn.co/image/ab67616d00001e020b0cc51415d4ad57f6c6c9d6
,Dipsasa Stin Porta Sou - Remastered 2005,72999.0,4:04,2005-03-10,https://i.scdn.co/image/ab67616d0000b27380e0809f63dddddefca778ff
,Vaterlo - Live Version,72813.0,2:37,2005-01-27,https://i.scdn.co/image/ab67616d00001e021f1ac446c500bab767932f58
,I Mousiki Tou Anemou,72481.0,4:60,2025-01-01,https://i.scdn.co/image/ab67616d00001e0289b564940e7d0488251cf51e
,Oso Axizis Esi - Live Version,71234.0,1:22,2005-01-27,https://i.scdn.co/image/ab67616d00001e021f1ac446c500bab767932f58
,Nihta Stasou - Live Version,70924.0,1:17,2005-01-27,https://i.scdn.co/image/ab67616d00001e021f1ac446c500bab767932f58
,Thanatos Ine I Agapi,70849.0,4:49,1997-04-16,https://i.scdn.co/image/ab67616d00001e02e69329448409b803d727719e
,O Telefteos Horos - Live,70746.0,2:10,1993-12-17,https://i.scdn.co/image/ab67616d00001e0212e44acc3e380f6fa9cd0446
,Dipsasa Stin Porta Sou,69457.0,4:04,1974-03-27,https://i.scdn.co/image/ab67616d0000b27332aee4912a029329e9666684
,Prosefhi - Live Version,69375.0,1:38,2005-01-27,https://i.scdn.co/image/ab67616d00001e021f1ac446c500bab767932f58
,Mov,68834.0,3:34,2003-12-04,https://i.scdn.co/image/ab67616d00001e02724136a05d2062a661672ba4
,Min Psahnis Tin Agapi - Live Version,68398.0,3:03,2005-01-27,https://i.scdn.co/image/ab67616d00001e021f1ac446c500bab767932f58
,To Telefteo Tsigaro,68293.0,4:54,2000-11-16,https://i.scdn.co/image/ab67616d00001e022f038cc4ad078bf55ed8c2a5
,Ta Radiofona,67948.0,4:11,2002-10-10,https://i.scdn.co/image/ab67616d00001e02b6abec5528a11ae2450385c1
,Anakohi,67467.0,4:20,2008-12-09,https://i.scdn.co/image/ab67616d00001e0293ae850db2b4228fe4977dab
,Gia Ena Oneiro Zoume,67151.0,4:05,2025-01-01,https://i.scdn.co/image/ab67616d00001e0289b564940e7d0488251cf51e
,San Ke Mena Kamia - Live Version,66965.0,1:21,1984-03-14,https://i.scdn.co/image/ab67616d00001e021f1ac446c500bab767932f58
,Afou,66749.0,4:47,2017-11-07,https://i.scdn.co/image/ab67616d00001e0266d4ff48ff0e9581568369a1
,Krima To Boi Sou - Live,64997.0,1:41,1993-12-17,https://i.scdn.co/image/ab67616d00001e0212e44acc3e380f6fa9cd0446
,Kalokerines Diakopes Gia Panta (Paleo Faliro) - Live Version,64589.0,1:57,1984-03-14,https://i.scdn.co/image/ab67616d00001e021f1ac446c500bab767932f58
,Methismeni Politia - Live Version,64195.0,2:03,1984-03-14,https://i.scdn.co/image/ab67616d00001e021f1ac446c500bab767932f58
,Ise - Live Version,64181.0,1:01,1984-03-14,https://i.scdn.co/image/ab67616d00001e021f1ac446c500bab767932f58
,Kopike I Grammi,64039.0,4:01,2000-11-16,https://i.scdn.co/image/ab67616d00001e022f038cc4ad078bf55ed8c2a5
,Methismeni Politia,63928.0,3:41,2025-01-01,https://i.scdn.co/image/ab67616d00001e0289b564940e7d0488251cf51e
,Eroteumenaki / Agapi Einai,63251.0,5:47,2025-01-01,https://i.scdn.co/image/ab67616d00001e0289b564940e7d0488251cf51e
,Paramithi Xehasmeno,62766.0,2:46,1975-04-08,https://i.scdn.co/image/ab67616d00001e02647e75c09a70d541dd9e98d8
,Oti Thes Ego,62747.0,3:08,1992-12-24,https://i.scdn.co/image/ab67616d00001e02ec8882aba54284ba0cf8e1fd
,Demones,62648.0,4:01,2025-01-01,https://i.scdn.co/image/ab67616d00001e0289b564940e7d0488251cf51e
,Mes Tis Polis To Hamam (To Haremi Sto Hamam) - Live Version,62616.0,0:41,2005-01-27,https://i.scdn.co/image/ab67616d00001e021f1ac446c500bab767932f58
,Skepasto,62465.0,2:24,1986-04-22,https://i.scdn.co/image/ab67616d00001e0265c697e7b6b91a77ace8b7b2
,Dodeka,62378.0,6:51,2025-01-01,https://i.scdn.co/image/ab67616d00001e0289b564940e7d0488251cf51e
,Ma Ti Leo - Live Version,62359.0,0:38,2005-01-27,https://i.scdn.co/image/ab67616d00001e021f1ac446c500bab767932f58
,Kitrino Galazio,62352.0,2:22,1993-06-01,https://i.scdn.co/image/ab67616d00001e020b0cc51415d4ad57f6c6c9d6
,Pio Konta,62054.0,5:25,2008-12-09,https://i.scdn.co/image/ab67616d00001e0293ae850db2b4228fe4977dab
,Dromos,61745.0,4:48,1986-04-22,https://i.scdn.co/image/ab67616d00001e0265c697e7b6b91a77ace8b7b2
,Den Einai Psema - Extended Version,61725.0,4:38,2012-10-12,https://i.scdn.co/image/ab67616d00001e02e50a30a9049465416cd969b5
,Empneusi,60703.0,2:34,2025-01-01,https://i.scdn.co/image/ab67616d00001e0289b564940e7d0488251cf51e
,Mes Tis Polis To Hamam (To Haremi Sto Hamam) - Live Version,60692.0,0:55,2005-01-27,https://i.scdn.co/image/ab67616d00001e021f1ac446c500bab767932f58
,Sta Evdomida Enea,60370.0,2:24,1984-03-14,https://i.scdn.co/image/ab67616d0000b273b803cf12dd13b1f481e40319
,Metallo,60302.0,3:49,2008-12-09,https://i.scdn.co/image/ab67616d00001e0293ae850db2b4228fe4977dab
,Fos,60022.0,4:11,1991-02-14,https://i.scdn.co/image/ab67616d00001e0294e085b2ede4f62a20f60820
,Arketa,59816.0,2:54,1984-03-14,https://i.scdn.co/image/ab67616d0000b273fc2c1a8bfb8cb11a02ed8e4e
,Ime,59797.0,4:28,1991-02-14,https://i.scdn.co/image/ab67616d00001e0294e085b2ede4f62a20f60820
,O Ponos Tis Agapis,59660.0,5:33,1998-04-01,https://i.scdn.co/image/ab67616d00001e02ef7de8aeb8507a7c7990668f
,Fevgo - Live Version,59533.0,1:15,2005-01-27,https://i.scdn.co/image/ab67616d00001e021f1ac446c500bab767932f58
,Thelo Mia Agapi,59156.0,4:02,2008-12-09,https://i.scdn.co/image/ab67616d00001e0293ae850db2b4228fe4977dab
,Horista,58968.0,4:17,2015-11-30,https://i.scdn.co/image/ab67616d00001e02b0f3e9716968614adad15b00
,Ine Kati Stigmes,58755.0,2:43,1993-06-01,https://i.scdn.co/image/ab67616d00001e020b0cc51415d4ad57f6c6c9d6
,To Xero Tha 'Rthis Xana (Woman In Love) - Remastered,58242.0,4:01,2006-03-25,https://i.scdn.co/image/ab67616d00001e02844c180f9a5b2bd52918735c
,To Xero Tha 'rthis Xana (Woman In Love),58242.0,3:60,1993-06-01,https://i.scdn.co/image/ab67616d00001e020b0cc51415d4ad57f6c6c9d6
,Etsi Mono Axizi,57764.0,4:30,2010-11-08,https://i.scdn.co/image/ab67616d00001e024ac13d5da9b353fd4e6ab919
,Ama Thes Na Klapsis Klapse - Live Version,57325.0,1:18,2005-01-27,https://i.scdn.co/image/ab67616d00001e021f1ac446c500bab767932f58
,File Mou - Live Version,56950.0,0:44,2005-01-27,https://i.scdn.co/image/ab67616d00001e021f1ac446c500bab767932f58
,Oti Arhizi Oreo - Live Version,56774.0,0:36,2005-01-27,https://i.scdn.co/image/ab67616d00001e021f1ac446c500bab767932f58
,Logia Kai Siopes,56520.0,5:02,2025-01-01,https://i.scdn.co/image/ab67616d00001e0289b564940e7d0488251cf51e
,Veranta,56489.0,5:26,2015-11-30,https://i.scdn.co/image/ab67616d00001e02b0f3e9716968614adad15b00
,Ego Moro Mou - Live Version,55216.0,0:41,2005-01-27,https://i.scdn.co/image/ab67616d00001e021f1ac446c500bab767932f58
,Re !,55107.0,4:47,2025-01-01,https://i.scdn.co/image/ab67616d00001e0289b564940e7d0488251cf51e
,Gi' Alla,54857.0,4:32,1998-04-01,https://i.scdn.co/image/ab67616d00001e02ef7de8aeb8507a7c7990668f
,Denome,54133.0,4:08,1998-04-01,https://i.scdn.co/image/ab67616d00001e02ef7de8aeb8507a7c7990668f
,Axize,53912.0,3:46,1992-06-04,https://i.scdn.co/image/ab67616d00001e025c6925bf70a4960c8e124d86
,Tromagmeno Mou,53738.0,3:11,2020-09-21,https://i.scdn.co/image/ab67616d00001e02e6ccd0e9247b96c74225deba
,Allimono Allimono - Live Version,53567.0,0:55,2005-01-27,https://i.scdn.co/image/ab67616d00001e021f1ac446c500bab767932f58
,Eleftheri Ptosi,53490.0,5:40,2019-06-03,https://i.scdn.co/image/ab67616d00001e02322de6a45665a7595525ef6c
,Tifli Ebistosini,53399.0,4:39,2002-10-10,https://i.scdn.co/image/ab67616d00001e02b6abec5528a11ae2450385c1
,Denome - Live Version,53257.0,0:52,2005-01-27,https://i.scdn.co/image/ab67616d00001e021f1ac446c500bab767932f58
,To Giasemi,53137.0,4:04,2025-01-01,https://i.scdn.co/image/ab67616d00001e0289b564940e7d0488251cf51e
,Diladi,53011.0,4:11,2019-06-03,https://i.scdn.co/image/ab67616d00001e02322de6a45665a7595525ef6c
,De Thelo Na Ksereis,52752.0,5:41,2025-01-01,https://i.scdn.co/image/ab67616d00001e0289b564940e7d0488251cf51e
,Everything I Am,52714.0,3:16,2000-06-13,https://i.scdn.co/image/ab67616d00001e0255c69d02a37edefde7c5a8ce
,Gia Teleutaia Fora,52013.0,6:04,2025-01-01,https://i.scdn.co/image/ab67616d00001e0289b564940e7d0488251cf51e
,Me Niazi,51827.0,4:38,1997-04-16,https://i.scdn.co/image/ab67616d00001e02e69329448409b803d727719e
,Ki Omos Den Teleionei - Themis Georgantas & Mr. SPa Remix,51805.0,3:55,2021-08-02,https://i.scdn.co/image/ab67616d00001e023b5a4d8b4336dae3dfbe3028
,Ksana Mana,51694.0,5:04,2025-01-01,https://i.scdn.co/image/ab67616d00001e0289b564940e7d0488251cf51e
,Epomeni Kinisi,51596.0,5:03,1986-04-22,https://i.scdn.co/image/ab67616d00001e0265c697e7b6b91a77ace8b7b2
,Tifli Ebistosini - Live Version,51524.0,0:46,2005-01-27,https://i.scdn.co/image/ab67616d00001e021f1ac446c500bab767932f58
,Oue Ki' Allimono,51476.0,3:46,1989-12-16,https://i.scdn.co/image/ab67616d00001e0259e2ae559dcda970e677d36e
,I Kathimerinotita Mas,51472.0,4:25,2013-12-02,https://i.scdn.co/image/ab67616d00001e0200f0229910298a621ad24f69
,Den S'Allazo - Live,51406.0,1:34,1993-12-17,https://i.scdn.co/image/ab67616d00001e0212e44acc3e380f6fa9cd0446
,Ta Koritsia Ine Atakta,50956.0,3:04,1988-06-28,https://i.scdn.co/image/ab67616d00001e0235ea6e4b84aab9e468c0b007
,Tou Agoriou Apenadi - Live,50651.0,1:54,1993-12-17,https://i.scdn.co/image/ab67616d00001e0212e44acc3e380f6fa9cd0446
,Se Zilevo,50500.0,4:37,2002-10-10,https://i.scdn.co/image/ab67616d00001e02b6abec5528a11ae2450385c1
,Tis Psyhis Ta Antisomata,50468.0,4:15,2015-11-30,https://i.scdn.co/image/ab67616d00001e02b0f3e9716968614adad15b00
,Mi Mou Les,49804.0,4:01,2000-11-16,https://i.scdn.co/image/ab67616d00001e022f038cc4ad078bf55ed8c2a5
,To Apolyto Keno - 2015 Version,49615.0,4:38,2015-09-21,https://i.scdn.co/image/ab67616d00001e027de876f2babcdc595a5ae0ed
,Ahoristoi - Give In to Me,49460.0,3:17,2015-11-30,https://i.scdn.co/image/ab67616d00001e02b0f3e9716968614adad15b00
,Krivame Tin Agapi Mas,48966.0,3:10,2025-01-01,https://i.scdn.co/image/ab67616d00001e0289b564940e7d0488251cf51e
,Siko Katse - Live Version,48863.0,0:41,2005-01-27,https://i.scdn.co/image/ab67616d00001e021f1ac446c500bab767932f58
,Pali Gia Sena,48583.0,4:11,1998-04-01,https://i.scdn.co/image/ab67616d00001e02ef7de8aeb8507a7c7990668f
,Xafnika,48203.0,4:27,2003-12-04,https://i.scdn.co/image/ab67616d00001e02724136a05d2062a661672ba4
,Ise - Produigal Remix,48088.0,6:28,2003-12-04,https://i.scdn.co/image/ab67616d00001e02724136a05d2062a661672ba4
,As Kanoume Apopse Mian Arhi,47839.0,3:47,1993-06-01,https://i.scdn.co/image/ab67616d00001e020b0cc51415d4ad57f6c6c9d6
,Balomataki,47731.0,2:60,1989-12-16,https://i.scdn.co/image/ab67616d00001e0259e2ae559dcda970e677d36e
,Otan Kanoume Erota,47689.0,4:16,1986-04-22,https://i.scdn.co/image/ab67616d00001e0265c697e7b6b91a77ace8b7b2
,Pes Mou Nai,47583.0,4:25,2019-06-03,https://i.scdn.co/image/ab67616d00001e02322de6a45665a7595525ef6c
,Xanagirisa,47383.0,3:11,1989-12-16,https://i.scdn.co/image/ab67616d00001e0259e2ae559dcda970e677d36e
,Eleni,47158.0,4:22,2025-01-01,https://i.scdn.co/image/ab67616d00001e0289b564940e7d0488251cf51e
,O Dromos,46985.0,4:49,2025-01-01,https://i.scdn.co/image/ab67616d00001e0289b564940e7d0488251cf51e
,Toumpa,46945.0,3:26,2015-11-30,https://i.scdn.co/image/ab67616d00001e02b0f3e9716968614adad15b00
,Se Thimame,46270.0,3:43,1997-04-16,https://i.scdn.co/image/ab67616d00001e02e69329448409b803d727719e
,Ta Mathitika Xronia,45809.0,6:17,2025-01-01,https://i.scdn.co/image/ab67616d00001e0289b564940e7d0488251cf51e
,Thathela Kapoios Na M' Eroteftei,45381.0,4:54,2019-06-03,https://i.scdn.co/image/ab67616d00001e02322de6a45665a7595525ef6c
,Ta Lefta,45171.0,5:10,2019-06-03,https://i.scdn.co/image/ab67616d00001e02322de6a45665a7595525ef6c
,Mesa Mou - Dance Version,45055.0,4:03,2019-06-03,https://i.scdn.co/image/ab67616d00001e02322de6a45665a7595525ef6c
,Me Halai,44826.0,3:12,1997-04-16,https://i.scdn.co/image/ab67616d00001e02e69329448409b803d727719e
,I Diadilosi,44711.0,5:58,2025-01-01,https://i.scdn.co/image/ab67616d00001e0289b564940e7d0488251cf51e
,Nea Filadelfia,44594.0,3:05,2003-12-04,https://i.scdn.co/image/ab67616d00001e02724136a05d2062a661672ba4
,Kinoumeni Ammos,44153.0,4:51,2005-09-26,https://i.scdn.co/image/ab67616d00001e027378ccb9d3a30519e6335e07
,Mavri Vrohi,43979.0,5:13,2019-06-03,https://i.scdn.co/image/ab67616d00001e02322de6a45665a7595525ef6c
,Min Psaxneis Tin Agapi,43935.0,5:38,2025-01-01,https://i.scdn.co/image/ab67616d00001e0289b564940e7d0488251cf51e
,Gia Ola Ftei O Theos,42648.0,4:40,2010-12-24,https://i.scdn.co/image/ab67616d00001e02922b24b13893afa0017d0362
,Dihasmeno Kormi,42254.0,4:14,1996-02-29,https://i.scdn.co/image/ab67616d00001e022abb79908fe729496b83a191
,Xehase Me (La Boheme),42226.0,3:06,2006-04-17,https://i.scdn.co/image/ab67616d00001e028dd233fa8f22c30a04ff74f6
,Aftoshediasmos - Live Version,41691.0,2:57,2005-01-27,https://i.scdn.co/image/ab67616d00001e021f1ac446c500bab767932f58
,Velos,41290.0,3:22,2003-12-04,https://i.scdn.co/image/ab67616d00001e02724136a05d2062a661672ba4
,Who Cares About Love,41280.0,3:05,2006-04-27,https://i.scdn.co/image/ab67616d00001e025f53fb746df6aa43779c809e
,Paralio,41248.0,7:43,2025-01-01,https://i.scdn.co/image/ab67616d00001e0289b564940e7d0488251cf51e
,Moro Mou (No Tomorrow),40932.0,3:17,2000-06-13,https://i.scdn.co/image/ab67616d00001e0255c69d02a37edefde7c5a8ce
,I Vraka,40926.0,3:45,1995-07-24,https://i.scdn.co/image/ab67616d00001e024d55039ddd94bdc5884066c7
,Why Why,40329.0,4:38,1985-01-01,https://i.scdn.co/image/ab67616d00001e029220f9893ae003ae8ab87bb3
,Demones - Live,40197.0,3:43,1993-12-17,https://i.scdn.co/image/ab67616d00001e0212e44acc3e380f6fa9cd0446
,Telios Erotas,40181.0,2:09,1989-12-16,https://i.scdn.co/image/ab67616d00001e0259e2ae559dcda970e677d36e
,Venetia,40009.0,5:50,2005-09-26,https://i.scdn.co/image/ab67616d00001e027378ccb9d3a30519e6335e07
,Fteo,39640.0,3:41,1992-06-04,https://i.scdn.co/image/ab67616d00001e025c6925bf70a4960c8e124d86
,To Giasemi,39613.0,4:13,1995-07-24,https://i.scdn.co/image/ab67616d00001e024d55039ddd94bdc5884066c7
,Tha Borousa,39433.0,3:34,2006-04-17,https://i.scdn.co/image/ab67616d00001e028dd233fa8f22c30a04ff74f6
,Sta Krifa,39331.0,4:48,2010-12-24,https://i.scdn.co/image/ab67616d00001e02922b24b13893afa0017d0362
,Xronia Polla - Live,39291.0,2:30,2021-12-23,https://i.scdn.co/image/ab67616d0000b2736c83417ea148daf1ae5f7b0a
,Se Hriazome,38922.0,4:34,1992-12-24,https://i.scdn.co/image/ab67616d00001e02ec8882aba54284ba0cf8e1fd
,Pai Teliose,38677.0,4:24,2002-10-10,https://i.scdn.co/image/ab67616d00001e02b6abec5528a11ae2450385c1
,Tha Borousa,38602.0,3:41,1993-06-01,https://i.scdn.co/image/ab67616d00001e02ad9d12a29e4c0c699380c275
,Venetia,38323.0,5:02,2025-01-01,https://i.scdn.co/image/ab67616d00001e0289b564940e7d0488251cf51e
,Pseftika - Live,37747.0,5:29,1993-12-17,https://i.scdn.co/image/ab67616d00001e0212e44acc3e380f6fa9cd0446
,Distihima,37707.0,4:15,2005-09-26,https://i.scdn.co/image/ab67616d00001e027378ccb9d3a30519e6335e07
,Lampo,37688.0,4:59,2025-01-01,https://i.scdn.co/image/ab67616d00001e0289b564940e7d0488251cf51e
,Den Thelo Na Xeris - Live,37416.0,5:05,1993-12-17,https://i.scdn.co/image/ab67616d00001e0212e44acc3e380f6fa9cd0446
,Mono An Trelatho,36866.0,4:03,2011-12-19,https://i.scdn.co/image/ab67616d00001e0279d2fde4319b0ea768945966
,Kapnizo - Remix,36359.0,5:24,2000-11-16,https://i.scdn.co/image/ab67616d00001e022f038cc4ad078bf55ed8c2a5
,Fos,36048.0,4:25,2025-01-01,https://i.scdn.co/image/ab67616d00001e0289b564940e7d0488251cf51e
,Apati,36024.0,3:04,2013-02-14,https://i.scdn.co/image/ab67616d00001e02a6ef3f9972d1fa7c798dc345
,Se Periptosi Pou - Live,35995.0,4:00,2025-12-23,https://i.scdn.co/image/ab67616d00001e0291e1a94d45bd2cc1a0e8e518
,Kalyteres Meres - Dance Version,35619.0,4:51,2014-04-14,https://i.scdn.co/image/ab67616d00001e02825febd549152f6199095faf
,Kaliteres Meres - Dance Version,35619.0,4:51,2014-06-10,https://i.scdn.co/image/ab67616d00001e02ec9126cabf490338255d00d6
,Adika,35462.0,4:10,1991-02-14,https://i.scdn.co/image/ab67616d00001e0294e085b2ede4f62a20f60820
,Agoni Grammi,35164.0,4:14,1996-02-29,https://i.scdn.co/image/ab67616d00001e022abb79908fe729496b83a191
,Venzini,34789.0,3:59,2012-08-31,https://i.scdn.co/image/ab67616d00001e022f591616a391a78c20657c7a
,Vampir,34157.0,4:09,2010-12-24,https://i.scdn.co/image/ab67616d00001e02922b24b13893afa0017d0362
,S' Agapo Giati Is Orea - Live,34061.0,4:05,1993-12-17,https://i.scdn.co/image/ab67616d00001e0212e44acc3e380f6fa9cd0446
,Stirixou Epano Mou,33995.0,4:48,2003-12-04,https://i.scdn.co/image/ab67616d00001e02724136a05d2062a661672ba4
,Poso S' Agapo,33836.0,3:31,2004-01-01,https://i.scdn.co/image/ab67616d00001e020b0cc51415d4ad57f6c6c9d6
,S' Agapo Telia Ke Pavla,33127.0,3:26,1986-04-22,https://i.scdn.co/image/ab67616d00001e0265c697e7b6b91a77ace8b7b2
,Me Agapi Apo Emena / De S' Allazo,33081.0,7:55,2025-01-01,https://i.scdn.co/image/ab67616d00001e0289b564940e7d0488251cf51e
,Umbrella,33058.0,4:27,2010-12-24,https://i.scdn.co/image/ab67616d00001e02922b24b13893afa0017d0362
,Den Ime Monahi (Wherever You Are Going),32774.0,2:55,2004-01-01,https://i.scdn.co/image/ab67616d00001e020b0cc51415d4ad57f6c6c9d6
,Mia Agapi Fotia,32655.0,3:15,2025-01-01,https://i.scdn.co/image/ab67616d00001e0289b564940e7d0488251cf51e
,Aftos Pou Perimeno - Anna's Dream Mix,32564.0,4:24,1997-11-07,https://i.scdn.co/image/ab67616d00001e0235c3c159825c6c895d064586
,Ti Apomeni,32532.0,4:45,2003-12-04,https://i.scdn.co/image/ab67616d00001e02724136a05d2062a661672ba4
,San To Do Kai To Si,32282.0,4:14,2010-12-24,https://i.scdn.co/image/ab67616d00001e02922b24b13893afa0017d0362
,Aftos Pou Perimeno - Disco In The House Mix,32062.0,2:27,1997-11-07,https://i.scdn.co/image/ab67616d00001e0235c3c159825c6c895d064586
,Ligo Krasi Ligo Thalassa Ke T' Agori Mou,31878.0,2:56,2007-09-18,https://i.scdn.co/image/ab67616d00001e029e31a8347d2213ec7f37a4bb
,On A Night Like This,31723.0,3:54,2000-06-13,https://i.scdn.co/image/ab67616d00001e0255c69d02a37edefde7c5a8ce
,Tilefonaki,31703.0,4:26,1998-04-01,https://i.scdn.co/image/ab67616d00001e02ef7de8aeb8507a7c7990668f
,Amin,31657.0,4:25,1995-09-18,https://i.scdn.co/image/ab67616d00001e029b1659f5770ea89cfad1f157
,Erota Mou Apiste,31156.0,3:55,2005-09-26,https://i.scdn.co/image/ab67616d00001e027378ccb9d3a30519e6335e07
,Na 'Mouna Sta Heria Sou Karavi,31012.0,2:16,1980-04-01,https://i.scdn.co/image/ab67616d00001e02e8d377f49f51cfaf01a7a613
,Mia Agapi Fotia,29579.0,3:12,2002-04-26,https://i.scdn.co/image/ab67616d00001e02b8576e13c95219ae8e9a0a18
,Sta '79,29527.0,3:04,2025-01-01,https://i.scdn.co/image/ab67616d00001e0289b564940e7d0488251cf51e
,Aipnies,29119.0,4:17,2002-10-10,https://i.scdn.co/image/ab67616d00001e02b6abec5528a11ae2450385c1
,Gia Tin Agapi Pes Mou,28937.0,2:27,1975-04-08,https://i.scdn.co/image/ab67616d00001e02647e75c09a70d541dd9e98d8
,Agapi Ypervoliki - Live,28860.0,4:48,2025-12-23,https://i.scdn.co/image/ab67616d00001e0291e1a94d45bd2cc1a0e8e518
,H Mousiki Tou Anemou,28750.0,4:31,2002-04-26,https://i.scdn.co/image/ab67616d00001e02b8576e13c95219ae8e9a0a18
,Agapa Me,28663.0,2:18,1985-01-10,https://i.scdn.co/image/ab67616d00001e025f20f2f63fe64bfe775da003
,Mia Nihta To Poli,28010.0,4:40,2012-04-16,https://i.scdn.co/image/ab67616d00001e02f6da831a73af591886d47d5d
,Lie - Radio Mix,27984.0,4:09,2007-07-30,https://i.scdn.co/image/ab67616d00001e02702da3d23eb8acdafa3222e6
,Efimerides,27741.0,4:16,1989-03-24,https://i.scdn.co/image/ab67616d00001e02feb9079b2827195dbd9c7994
,Pragmata - Live,27340.0,2:12,1993-12-17,https://i.scdn.co/image/ab67616d00001e0212e44acc3e380f6fa9cd0446
,Lambo - Live,27098.0,4:46,1993-12-17,https://i.scdn.co/image/ab67616d00001e0212e44acc3e380f6fa9cd0446
,Ta Kalitera Mas Hronia,26988.0,4:57,2005-09-26,https://i.scdn.co/image/ab67616d00001e027378ccb9d3a30519e6335e07
,Houla Houp,25763.0,3:46,1989-03-24,https://i.scdn.co/image/ab67616d00001e02feb9079b2827195dbd9c7994
,Se Posa Tablo,25403.0,3:03,1986-04-22,https://i.scdn.co/image/ab67616d00001e0265c697e7b6b91a77ace8b7b2
,Den Thelo Na Xeris - Live,25239.0,6:50,1993-12-17,https://i.scdn.co/image/ab67616d00001e0212e44acc3e380f6fa9cd0446
,London,25110.0,4:49,1989-03-24,https://i.scdn.co/image/ab67616d00001e02feb9079b2827195dbd9c7994
,Den Einai Psema - Live,24942.0,4:01,2025-12-23,https://i.scdn.co/image/ab67616d00001e0291e1a94d45bd2cc1a0e8e518
,Ma Itan Psemmata (Un Po Di Piu),24742.0,4:12,2006-04-17,https://i.scdn.co/image/ab67616d00001e028dd233fa8f22c30a04ff74f6
,Ma Itan Psemata (Un Po Di Piu),24742.0,4:12,2004-01-01,https://i.scdn.co/image/ab67616d00001e020b0cc51415d4ad57f6c6c9d6
,Sandre - Live,24652.0,4:05,2025-12-23,https://i.scdn.co/image/ab67616d00001e0291e1a94d45bd2cc1a0e8e518
,Tifli Ebistosini - Remix,24196.0,4:27,2003-06-13,https://i.scdn.co/image/ab67616d00001e02ef61b19303f50a0f77b8fcf7
,Gia Sena Tha Pethano,24142.0,4:34,2005-09-26,https://i.scdn.co/image/ab67616d00001e027378ccb9d3a30519e6335e07
,Is It Safe,23919.0,3:49,2007-07-30,https://i.scdn.co/image/ab67616d00001e028a5c3916e7aac5b71b4c72fe
,Krivame Tin Agapi Mas,23776.0,2:44,1980-04-01,https://i.scdn.co/image/ab67616d00001e020b0cc51415d4ad57f6c6c9d6
,Pos Ta Ferni Etsi I Zoi,23511.0,3:47,2003-12-04,https://i.scdn.co/image/ab67616d00001e02724136a05d2062a661672ba4
,Taseis Aftoktonias - Live,22998.0,3:44,2025-12-23,https://i.scdn.co/image/ab67616d00001e0291e1a94d45bd2cc1a0e8e518
,Nylon - Live,22809.0,4:45,2025-12-23,https://i.scdn.co/image/ab67616d00001e0291e1a94d45bd2cc1a0e8e518
,Apo Makria Kai Agapimeni - Mixed,22499.0,1:16,2010-06-15,https://i.scdn.co/image/ab67616d0000b273b3ffc0c8b82fcc7e8be90432
,Ipopsies,22302.0,2:50,1991-02-14,https://i.scdn.co/image/ab67616d00001e0294e085b2ede4f62a20f60820
,Ola Gia Ola - Live,21907.0,6:28,2025-12-23,https://i.scdn.co/image/ab67616d00001e0291e1a94d45bd2cc1a0e8e518
,Agapise Me,21602.0,2:45,1980-04-01,https://i.scdn.co/image/ab67616d00001e020b0cc51415d4ad57f6c6c9d6
,Mono To Sex Den Ftani,21420.0,3:39,1988-06-28,https://i.scdn.co/image/ab67616d00001e0235ea6e4b84aab9e468c0b007
,Giati Gelas Ke Pezis,21199.0,2:22,1980-04-01,https://i.scdn.co/image/ab67616d00001e02e8d377f49f51cfaf01a7a613
,Giati Gelas,21199.0,2:21,2004-01-01,https://i.scdn.co/image/ab67616d00001e020b0cc51415d4ad57f6c6c9d6
,Adistrofi Metrisi - Live,20941.0,2:12,1993-12-17,https://i.scdn.co/image/ab67616d00001e0212e44acc3e380f6fa9cd0446
,Kick The Habit,20869.0,4:44,2000-06-13,https://i.scdn.co/image/ab67616d00001e0255c69d02a37edefde7c5a8ce
,Aima - Radio Edit,20832.0,3:22,2022-07-25,https://i.scdn.co/image/ab67616d00001e021366eb3439e7e5a7dc43fed6
,Everything - Valentino & Christodoulos Siganos Remix,20803.0,4:26,2006-03-31,https://i.scdn.co/image/ab67616d00001e029c457e147f0aa4c6c4cead88
,Paragrafos 62,20718.0,4:40,1995-09-18,https://i.scdn.co/image/ab67616d00001e029b1659f5770ea89cfad1f157
,Eho Pethani Gia Sena - Live,20281.0,3:52,2025-12-23,https://i.scdn.co/image/ab67616d00001e0291e1a94d45bd2cc1a0e8e518
,Ne,20213.0,3:36,1992-06-04,https://i.scdn.co/image/ab67616d00001e025c6925bf70a4960c8e124d86
,Lekes - Live,20145.0,4:09,2025-12-23,https://i.scdn.co/image/ab67616d00001e0291e1a94d45bd2cc1a0e8e518
,Anna,20132.0,3:07,2025-01-01,https://i.scdn.co/image/ab67616d00001e0289b564940e7d0488251cf51e
,Triada Ke Vale,19933.0,5:17,1995-09-18,https://i.scdn.co/image/ab67616d00001e029b1659f5770ea89cfad1f157
,Horis Esena Ego Den Kano,19913.0,3:01,2006-04-17,https://i.scdn.co/image/ab67616d00001e028dd233fa8f22c30a04ff74f6
,Lie - Alex Papaconstantinou Club Edit,19679.0,3:39,2005-09-26,https://i.scdn.co/image/ab67616d00001e027378ccb9d3a30519e6335e07
,Kai Eho Tosa Na Thymamai - Live,19531.0,2:59,2025-12-23,https://i.scdn.co/image/ab67616d00001e0291e1a94d45bd2cc1a0e8e518
,Eho Tosi Agapi,19513.0,4:05,2005-09-26,https://i.scdn.co/image/ab67616d00001e027378ccb9d3a30519e6335e07
,Still In Love With You,19456.0,3:51,2000-06-13,https://i.scdn.co/image/ab67616d00001e0255c69d02a37edefde7c5a8ce
,Treno - Mixed,19412.0,2:11,2005-11-09,https://i.scdn.co/image/ab67616d0000b27358a45a966c0c09b8b5371b8d
,Mi Vazis Mavro,19209.0,2:47,1975-05-22,https://i.scdn.co/image/ab67616d00001e020b0cc51415d4ad57f6c6c9d6
,Aima - Extended Mix,19165.0,3:54,2022-07-25,https://i.scdn.co/image/ab67616d00001e021366eb3439e7e5a7dc43fed6
,Akoma Mia - Live,19126.0,3:17,1993-12-17,https://i.scdn.co/image/ab67616d00001e0212e44acc3e380f6fa9cd0446
,Proti Fora,19044.0,2:45,1982-12-17,https://i.scdn.co/image/ab67616d00001e02d88d7bedbfbd881b07f3f89f
,Zoi Na Ehoume,18913.0,2:59,1984-03-14,https://i.scdn.co/image/ab67616d00001e02748dabd792ec65b630b3015e
,Stalia Stalia - Live,18832.0,2:41,1993-12-17,https://i.scdn.co/image/ab67616d00001e0212e44acc3e380f6fa9cd0446
,Efta Tragoudia Tha Sou Po - Live,18815.0,1:26,1993-12-17,https://i.scdn.co/image/ab67616d00001e0212e44acc3e380f6fa9cd0446
,Vaterlo - Live,18369.0,3:19,2025-12-23,https://i.scdn.co/image/ab67616d00001e0291e1a94d45bd2cc1a0e8e518
,Vres Ton Tropo,18350.0,3:37,2002-02-04,https://i.scdn.co/image/ab67616d00001e020b0cc51415d4ad57f6c6c9d6
,Protimo - Live,18126.0,4:19,2025-12-23,https://i.scdn.co/image/ab67616d00001e0291e1a94d45bd2cc1a0e8e518
,Gi' Afto Sou Leo Mi,18087.0,2:22,1993-06-01,https://i.scdn.co/image/ab67616d00001e02c176d9198d6a57350aab448a
,S' Agapo - Live,17928.0,1:42,1993-12-17,https://i.scdn.co/image/ab67616d00001e0212e44acc3e380f6fa9cd0446
,1988 Ki Akoma S'Agapo,17724.0,5:23,1988-06-28,https://i.scdn.co/image/ab67616d00001e0235ea6e4b84aab9e468c0b007
,Ti Eho Na Haso,17693.0,3:53,1985-01-10,https://i.scdn.co/image/ab67616d00001e025f20f2f63fe64bfe775da003
,Aima - Live,17597.0,3:32,2025-12-23,https://i.scdn.co/image/ab67616d00001e0291e1a94d45bd2cc1a0e8e518
,Sti Pira,17596.0,1:40,2009-12-25,https://i.scdn.co/image/ab67616d0000b273aaeedd302f714fd041d6ce75
,Telia,17411.0,4:37,2005-09-26,https://i.scdn.co/image/ab67616d00001e027378ccb9d3a30519e6335e07
,Ta Matia Ta Dika Mou,17404.0,2:60,2004-01-01,https://i.scdn.co/image/ab67616d00001e020b0cc51415d4ad57f6c6c9d6
,Me Agapi Apo Mena Gia Sena - Live,17367.0,1:34,1993-12-17,https://i.scdn.co/image/ab67616d00001e0212e44acc3e380f6fa9cd0446
,Kapnizo,17309.0,5:35,1989-12-16,https://i.scdn.co/image/ab67616d00001e0259e2ae559dcda970e677d36e
,Ise Oti Pio Agapimeno Eho,17288.0,3:21,1992-12-24,https://i.scdn.co/image/ab67616d00001e02ec8882aba54284ba0cf8e1fd
,Mi Me Lipithis,17263.0,5:39,2005-09-26,https://i.scdn.co/image/ab67616d00001e027378ccb9d3a30519e6335e07
,Shizofrenia - Live,17214.0,2:55,2025-12-23,https://i.scdn.co/image/ab67616d00001e0291e1a94d45bd2cc1a0e8e518
,Aima - Radio Edit,17213.0,3:45,2022-07-25,https://i.scdn.co/image/ab67616d00001e021c5a73fce8260da1c5f19366
,Afti Ti Fora - Live,17064.0,5:60,2025-12-23,https://i.scdn.co/image/ab67616d00001e0291e1a94d45bd2cc1a0e8e518
,Ellada,17038.0,3:23,1992-06-04,https://i.scdn.co/image/ab67616d00001e025c6925bf70a4960c8e124d86
,Tyraniemai - Alex Leon Club Mix,17003.0,5:38,2012-09-21,https://i.scdn.co/image/ab67616d00001e02ac27fc262e5cdd00e529ea9a
,Ti Mou Kanis,16995.0,3:18,1989-12-16,https://i.scdn.co/image/ab67616d00001e0259e2ae559dcda970e677d36e
,Dilina - Live,16675.0,1:06,1993-12-17,https://i.scdn.co/image/ab67616d00001e0212e44acc3e380f6fa9cd0446
,Psidri Vasilitzia Mou,16666.0,3:24,1995-07-24,https://i.scdn.co/image/ab67616d00001e024d55039ddd94bdc5884066c7
,Ime I Anna,16529.0,2:47,1984-03-14,https://i.scdn.co/image/ab67616d00001e02748dabd792ec65b630b3015e
,Ela,16426.0,4:11,1984-03-14,https://i.scdn.co/image/ab67616d00001e02748dabd792ec65b630b3015e
,Sta Hronia Tis Ipomonis - Live,16154.0,2:08,1993-12-17,https://i.scdn.co/image/ab67616d00001e0212e44acc3e380f6fa9cd0446
,Kles Esi Ke Pono (Je Reviens Te Chercher),16136.0,2:34,2004-01-01,https://i.scdn.co/image/ab67616d00001e020b0cc51415d4ad57f6c6c9d6
,Klaio,16049.0,3:04,2019-01-17,https://i.scdn.co/image/ab67616d00001e028a5c3916e7aac5b71b4c72fe
,M' Agapas,16033.0,2:26,2002-02-04,https://i.scdn.co/image/ab67616d00001e020b0cc51415d4ad57f6c6c9d6
,Ena Sou Leo - Live,16023.0,2:60,1993-12-17,https://i.scdn.co/image/ab67616d00001e0212e44acc3e380f6fa9cd0446
,Vaterlo - Mixed,15970.0,0:31,2005-11-09,https://i.scdn.co/image/ab67616d0000b27358a45a966c0c09b8b5371b8d
,Gia Ena Oniro Zoume,15965.0,3:42,2002-04-26,https://i.scdn.co/image/ab67616d00001e02b8576e13c95219ae8e9a0a18
,Roula Mou Maroula Mou,15953.0,3:37,1995-07-24,https://i.scdn.co/image/ab67616d00001e024d55039ddd94bdc5884066c7
,Tesera Tzia Tesera,15943.0,5:13,1995-07-24,https://i.scdn.co/image/ab67616d00001e024d55039ddd94bdc5884066c7
,Methismeni Mou Kardia - Live,15627.0,2:56,2025-12-23,https://i.scdn.co/image/ab67616d00001e0291e1a94d45bd2cc1a0e8e518
,Perimeno Tilefonima Sou,15569.0,2:55,1991-02-14,https://i.scdn.co/image/ab67616d00001e0294e085b2ede4f62a20f60820
,Min Stenahoriese - Remastered,15383.0,2:16,2006-03-30,https://i.scdn.co/image/ab67616d00001e02ef7a44a6675dfe98f00922c9
,Fos - Live,15255.0,2:03,1993-12-17,https://i.scdn.co/image/ab67616d00001e0212e44acc3e380f6fa9cd0446
,Pragmata - Live,15177.0,4:14,2025-12-23,https://i.scdn.co/image/ab67616d00001e0291e1a94d45bd2cc1a0e8e518
,Oute Ena S' Agapo,15166.0,2:15,1980-04-01,https://i.scdn.co/image/ab67616d00001e020b0cc51415d4ad57f6c6c9d6
,Xehnas,15113.0,3:08,1991-02-14,https://i.scdn.co/image/ab67616d00001e0294e085b2ede4f62a20f60820
,Oso Eho Foni - Immaculate Club Mix,14974.0,3:22,1997-11-07,https://i.scdn.co/image/ab67616d00001e0235c3c159825c6c895d064586
,Thelo Mono Esena,14971.0,2:34,2006-04-17,https://i.scdn.co/image/ab67616d00001e028dd233fa8f22c30a04ff74f6
,"As Min Poume Tipota - From ""Oi Kampanes Tou Edelvais""",14963.0,4:14,2015-04-24,https://i.scdn.co/image/ab67616d00001e02c4c7d35d0c68408f358142fc
,Ela Na Zisoume,14868.0,3:08,2004-01-01,https://i.scdn.co/image/ab67616d00001e020b0cc51415d4ad57f6c6c9d6
,Fotia - Live,14841.0,1:49,1993-12-17,https://i.scdn.co/image/ab67616d00001e0212e44acc3e380f6fa9cd0446
,Ksana - Live,14760.0,3:41,2025-12-23,https://i.scdn.co/image/ab67616d00001e0291e1a94d45bd2cc1a0e8e518
,San Ke Mena Kamia - Live,14713.0,1:50,1993-12-17,https://i.scdn.co/image/ab67616d00001e0212e44acc3e380f6fa9cd0446
,Emis - Live,14643.0,2:46,1993-12-17,https://i.scdn.co/image/ab67616d00001e0212e44acc3e380f6fa9cd0446
,Den Thelo Na Xereis - Live,14432.0,5:56,2025-12-23,https://i.scdn.co/image/ab67616d00001e0291e1a94d45bd2cc1a0e8e518
,Anthropino To Lathos Mou,14419.0,3:02,1984-03-14,https://i.scdn.co/image/ab67616d00001e02748dabd792ec65b630b3015e
,Trelenome - Live,14352.0,4:04,2025-12-23,https://i.scdn.co/image/ab67616d00001e0291e1a94d45bd2cc1a0e8e518
,Pikre Mou,14217.0,3:42,1992-12-24,https://i.scdn.co/image/ab67616d00001e02ec8882aba54284ba0cf8e1fd
,I Hadres - Live,14208.0,1:18,1993-12-17,https://i.scdn.co/image/ab67616d00001e0212e44acc3e380f6fa9cd0446
,San Ta Pinasmena Peristeria,14037.0,2:38,1980-04-01,https://i.scdn.co/image/ab67616d00001e020b0cc51415d4ad57f6c6c9d6
,Way Out,13896.0,4:45,2000-06-13,https://i.scdn.co/image/ab67616d00001e0255c69d02a37edefde7c5a8ce
,Kalitera Na Poume Antio,13781.0,2:34,1984-03-14,https://i.scdn.co/image/ab67616d00001e02748dabd792ec65b630b3015e
,Forgive Me This,13492.0,4:08,2000-06-13,https://i.scdn.co/image/ab67616d00001e0255c69d02a37edefde7c5a8ce
,Empnefsi - Live,13476.0,3:32,2025-12-23,https://i.scdn.co/image/ab67616d00001e0291e1a94d45bd2cc1a0e8e518
,Welcome To The Party,13222.0,3:01,2006-04-27,https://i.scdn.co/image/ab67616d00001e025f53fb746df6aa43779c809e
,I Kiklades,13174.0,3:52,2002-02-04,https://i.scdn.co/image/ab67616d00001e020b0cc51415d4ad57f6c6c9d6
,Kati Simveni,13155.0,4:07,1985-01-10,https://i.scdn.co/image/ab67616d00001e025f20f2f63fe64bfe775da003
,Se Thelo Me Thelis - Mixed,13148.0,1:13,2005-11-09,https://i.scdn.co/image/ab67616d0000b27358a45a966c0c09b8b5371b8d
,Ime - Live,13116.0,1:57,1993-12-17,https://i.scdn.co/image/ab67616d00001e0212e44acc3e380f6fa9cd0446
,Eleni - Live,13030.0,4:19,2025-12-23,https://i.scdn.co/image/ab67616d00001e0291e1a94d45bd2cc1a0e8e518
,Kanenas - Live,12972.0,3:17,2025-12-23,https://i.scdn.co/image/ab67616d00001e0291e1a94d45bd2cc1a0e8e518
,To Tragoudi Tou Gamou,12915.0,4:16,1995-07-24,https://i.scdn.co/image/ab67616d00001e024d55039ddd94bdc5884066c7
,Mono Gia Senane,12909.0,4:04,1984-03-14,https://i.scdn.co/image/ab67616d00001e02748dabd792ec65b630b3015e
,Milise Mou,12874.0,2:53,2004-01-01,https://i.scdn.co/image/ab67616d00001e020b0cc51415d4ad57f6c6c9d6
,Gia Sas Triadafilla,12818.0,2:51,2006-03-25,https://i.scdn.co/image/ab67616d00001e02647e75c09a70d541dd9e98d8
,Se Hriazome - Live,12810.0,4:27,1993-12-17,https://i.scdn.co/image/ab67616d00001e0212e44acc3e380f6fa9cd0446
,To Pallikari,12769.0,3:16,1974-05-16,https://i.scdn.co/image/ab67616d00001e020b0cc51415d4ad57f6c6c9d6
,Agapi Ke Misos,12732.0,4:38,1986-04-22,https://i.scdn.co/image/ab67616d00001e0265c697e7b6b91a77ace8b7b2
,Agapisa Ton Pou Karkias,12693.0,3:46,1995-07-24,https://i.scdn.co/image/ab67616d00001e024d55039ddd94bdc5884066c7
,So In Love With Yourself,12679.0,3:32,2000-06-13,https://i.scdn.co/image/ab67616d00001e0255c69d02a37edefde7c5a8ce
,Ma Den Fovame,12626.0,3:08,2004-01-01,https://i.scdn.co/image/ab67616d00001e020b0cc51415d4ad57f6c6c9d6
,I Was Made For Lovin' You,12611.0,3:34,2000-06-13,https://i.scdn.co/image/ab67616d00001e0255c69d02a37edefde7c5a8ce
,Dodeka - Live,12533.0,5:33,2021-12-23,https://i.scdn.co/image/ab67616d0000b2736c83417ea148daf1ae5f7b0a
,Treno - Live,12491.0,3:56,2025-12-23,https://i.scdn.co/image/ab67616d00001e0291e1a94d45bd2cc1a0e8e518
,Xana Mana - Live,12254.0,5:01,2025-12-23,https://i.scdn.co/image/ab67616d00001e0291e1a94d45bd2cc1a0e8e518
,I Nikimeni Imaste Emis,12188.0,3:21,2002-02-04,https://i.scdn.co/image/ab67616d00001e020b0cc51415d4ad57f6c6c9d6
,Diki Sou,12178.0,3:48,1984-03-14,https://i.scdn.co/image/ab67616d00001e02748dabd792ec65b630b3015e
,Mono Ena Thavma,12168.0,3:23,1991-02-14,https://i.scdn.co/image/ab67616d00001e0294e085b2ede4f62a20f60820
,Min Xehnas,12165.0,4:48,2019-01-17,https://i.scdn.co/image/ab67616d00001e028a5c3916e7aac5b71b4c72fe
,Sti Pira - Live,12091.0,3:14,2025-12-23,https://i.scdn.co/image/ab67616d00001e0291e1a94d45bd2cc1a0e8e518
,Amore,12082.0,2:36,1989-03-24,https://i.scdn.co/image/ab67616d00001e02feb9079b2827195dbd9c7994
,Ena Sou Leo - Live,11934.0,3:05,2025-12-23,https://i.scdn.co/image/ab67616d00001e0291e1a94d45bd2cc1a0e8e518
,Den Me Agapas - Mixed,11880.0,1:02,2005-11-09,https://i.scdn.co/image/ab67616d0000b27358a45a966c0c09b8b5371b8d
,Kravgi - Live,11863.0,4:30,2025-12-23,https://i.scdn.co/image/ab67616d00001e0291e1a94d45bd2cc1a0e8e518
,Skandali,11808.0,3:26,1988-06-28,https://i.scdn.co/image/ab67616d00001e0235ea6e4b84aab9e468c0b007
,Hanome,11777.0,3:10,2006-04-17,https://i.scdn.co/image/ab67616d00001e028dd233fa8f22c30a04ff74f6
,Hanome,11771.0,3:08,2004-06-15,https://i.scdn.co/image/ab67616d00001e0233baa012c8f9b057a3f7d896
,Melagholies,11752.0,4:09,1995-09-18,https://i.scdn.co/image/ab67616d00001e029b1659f5770ea89cfad1f157
,Demones - Live,11649.0,3:30,2025-12-23,https://i.scdn.co/image/ab67616d00001e0291e1a94d45bd2cc1a0e8e518
,I Mousiki Tou Anemou - Instrumental,11636.0,4:32,2002-04-26,https://i.scdn.co/image/ab67616d00001e02b8576e13c95219ae8e9a0a18
,Mono Mia Nihta,11601.0,4:25,1988-06-28,https://i.scdn.co/image/ab67616d00001e0235ea6e4b84aab9e468c0b007
,Protimo Na Pethaino - Petros Karras & DJ Pico Remix,11574.0,3:17,2016-11-28,https://i.scdn.co/image/ab67616d00001e02edac026a780e59437ca4f1ea
,Aima - Extended Mix,11553.0,6:16,2022-07-25,https://i.scdn.co/image/ab67616d00001e021c5a73fce8260da1c5f19366
,Ke Se Girevo,11549.0,3:29,1985-01-10,https://i.scdn.co/image/ab67616d00001e025f20f2f63fe64bfe775da003
,Kathe Limani Ke Kaimos - Live,11548.0,1:27,1993-12-17,https://i.scdn.co/image/ab67616d00001e0212e44acc3e380f6fa9cd0446
,To Allo Mou Ego,11512.0,4:21,1995-09-18,https://i.scdn.co/image/ab67616d00001e029b1659f5770ea89cfad1f157
,M' Agapouse Pou Les,11468.0,2:29,1984-03-14,https://i.scdn.co/image/ab67616d00001e02748dabd792ec65b630b3015e
,Xanazo,11376.0,3:23,2004-01-01,https://i.scdn.co/image/ab67616d00001e020b0cc51415d4ad57f6c6c9d6
,Kalokairines Diakopes - Live,11368.0,3:34,2025-12-23,https://i.scdn.co/image/ab67616d00001e0291e1a94d45bd2cc1a0e8e518
,Na 'Tan Mia Nihta I Zoi,11152.0,2:16,1984-03-14,https://i.scdn.co/image/ab67616d00001e02748dabd792ec65b630b3015e
,Den Me Agapas - Live,11118.0,4:08,2025-12-23,https://i.scdn.co/image/ab67616d00001e0291e1a94d45bd2cc1a0e8e518
,O! Maria,10936.0,2:25,1980-04-01,https://i.scdn.co/image/ab67616d00001e020b0cc51415d4ad57f6c6c9d6
,S' Agapo - Live,10822.0,3:17,1993-12-17,https://i.scdn.co/image/ab67616d00001e0212e44acc3e380f6fa9cd0446
,Ola Gia Ola with Orchestra - Live,10794.0,5:53,2025-12-23,https://i.scdn.co/image/ab67616d00001e0291e1a94d45bd2cc1a0e8e518
,Oti Thes Ego - Live,10745.0,2:11,1993-12-17,https://i.scdn.co/image/ab67616d00001e0212e44acc3e380f6fa9cd0446
,Eisai - Live,10698.0,4:23,2025-12-23,https://i.scdn.co/image/ab67616d00001e0291e1a94d45bd2cc1a0e8e518
,Travma - Live,10634.0,5:04,2025-12-23,https://i.scdn.co/image/ab67616d00001e0291e1a94d45bd2cc1a0e8e518
,Onirodemeno - Live,10556.0,0:56,1993-12-17,https://i.scdn.co/image/ab67616d00001e0212e44acc3e380f6fa9cd0446
,Pali Horizoume,10497.0,3:39,1985-01-10,https://i.scdn.co/image/ab67616d00001e025f20f2f63fe64bfe775da003
,O Kos Nobel,10483.0,2:58,1980-04-01,https://i.scdn.co/image/ab67616d00001e020b0cc51415d4ad57f6c6c9d6
,Demones Rock Opera - Part 1,10468.0,4:43,1991-03-14,https://i.scdn.co/image/ab67616d00001e02f3d11c93e52f0c2c0116d0a4
,Kaka Paidia - Live,10379.0,2:40,2025-12-23,https://i.scdn.co/image/ab67616d00001e0291e1a94d45bd2cc1a0e8e518
,M' Agapouses Kapou Kapou - Remastered,10377.0,2:38,2006-03-25,https://i.scdn.co/image/ab67616d00001e02844c180f9a5b2bd52918735c
,Tha Ekana Otidipote,10241.0,4:19,1992-06-04,https://i.scdn.co/image/ab67616d00001e025c6925bf70a4960c8e124d86
,Ta Mathitika Ta Xronia - Live,10229.0,3:02,2025-12-23,https://i.scdn.co/image/ab67616d00001e0291e1a94d45bd2cc1a0e8e518
,Antistrofi Metrisi - Live,10203.0,4:35,2025-12-23,https://i.scdn.co/image/ab67616d00001e0291e1a94d45bd2cc1a0e8e518
,Atmosfera Ilektrismeni - Live,10134.0,3:02,2025-12-23,https://i.scdn.co/image/ab67616d00001e0291e1a94d45bd2cc1a0e8e518
,Sou 'Dosa Na Piis,9967.0,3:03,1993-06-01,https://i.scdn.co/image/ab67616d00001e02c176d9198d6a57350aab448a
,Kladi Rodias,9868.0,3:07,2004-01-01,https://i.scdn.co/image/ab67616d00001e020b0cc51415d4ad57f6c6c9d6
,Paralio - Live,9796.0,5:53,2025-12-23,https://i.scdn.co/image/ab67616d00001e0291e1a94d45bd2cc1a0e8e518
,Ki Omos Ehis Figi,9786.0,3:39,1985-01-10,https://i.scdn.co/image/ab67616d00001e025f20f2f63fe64bfe775da003
,Voithia,9761.0,3:23,1989-12-16,https://i.scdn.co/image/ab67616d00001e0259e2ae559dcda970e677d36e
,Se Lipame,9603.0,3:16,2006-04-17,https://i.scdn.co/image/ab67616d00001e028dd233fa8f22c30a04ff74f6
,Demones Rock Opera - Part 4,9594.0,18:30,1991-03-14,https://i.scdn.co/image/ab67616d00001e02f3d11c93e52f0c2c0116d0a4
,Girna Moro Mou,9550.0,2:59,1992-06-04,https://i.scdn.co/image/ab67616d00001e025c6925bf70a4960c8e124d86
,Dodeka - Live,9498.0,3:58,2025-12-23,https://i.scdn.co/image/ab67616d00001e0291e1a94d45bd2cc1a0e8e518
,Prosefhi - Mixed,9284.0,1:38,2005-11-09,https://i.scdn.co/image/ab67616d0000b27358a45a966c0c09b8b5371b8d
,Gazoza - Live,9250.0,3:41,2025-12-23,https://i.scdn.co/image/ab67616d00001e0291e1a94d45bd2cc1a0e8e518
,Chronia Polla - Remix,9223.0,4:07,2003-06-13,https://i.scdn.co/image/ab67616d00001e02ef61b19303f50a0f77b8fcf7
,Ti Ta Thelis Lipon - Remastered,9202.0,2:37,2006-03-30,https://i.scdn.co/image/ab67616d00001e02ef7a44a6675dfe98f00922c9
,Psihedelia with Orchestra - Live,9165.0,2:59,2025-12-23,https://i.scdn.co/image/ab67616d00001e0291e1a94d45bd2cc1a0e8e518
,Oti Ki An Pis,9150.0,4:08,1985-01-10,https://i.scdn.co/image/ab67616d00001e025f20f2f63fe64bfe775da003
,I Can't Sleep at Night,9128.0,5:03,2019-01-17,https://i.scdn.co/image/ab67616d00001e028a5c3916e7aac5b71b4c72fe
,As Kanoume Apopse Mia Arhi - Live,9127.0,2:20,1993-12-17,https://i.scdn.co/image/ab67616d00001e0212e44acc3e380f6fa9cd0446
,Otan Tharthis,9115.0,3:53,1985-01-10,https://i.scdn.co/image/ab67616d00001e025f20f2f63fe64bfe775da003
,Apagorevmeno - DJ Matheos' Latin Flava Dance Mix,9035.0,7:12,2010-07-12,https://i.scdn.co/image/ab67616d00001e02185811d0c3bb7828c9aee0c1
,Xanagirna,9001.0,3:25,1992-12-24,https://i.scdn.co/image/ab67616d00001e02ec8882aba54284ba0cf8e1fd
,Zoi Sinehizete,8922.0,3:42,1991-02-14,https://i.scdn.co/image/ab67616d00001e0294e085b2ede4f62a20f60820
,Mi,8856.0,3:42,1992-12-24,https://i.scdn.co/image/ab67616d00001e02ec8882aba54284ba0cf8e1fd
,Tote Tha Figo - Remastered,8842.0,2:41,2006-03-30,https://i.scdn.co/image/ab67616d00001e02ef7a44a6675dfe98f00922c9
,Zavarakatranemia - Live,8833.0,3:48,2017-04-14,https://i.scdn.co/image/ab67616d0000b273ec5c0c825f82a9140a6c3465
,Fabulous - Mixed,8788.0,1:58,2010-06-15,https://i.scdn.co/image/ab67616d0000b273b3ffc0c8b82fcc7e8be90432
,I Diadilosi,8787.0,5:07,1995-09-18,https://i.scdn.co/image/ab67616d00001e029b1659f5770ea89cfad1f157
,Re! - Live,8783.0,4:51,2025-12-23,https://i.scdn.co/image/ab67616d00001e0291e1a94d45bd2cc1a0e8e518
,Ta rialia - Live,8773.0,2:13,2017-04-14,https://i.scdn.co/image/ab67616d0000b273ec5c0c825f82a9140a6c3465
,Kapou Nihtoni - Live,8727.0,2:27,1993-12-17,https://i.scdn.co/image/ab67616d00001e0212e44acc3e380f6fa9cd0446
,File Mou - Mixed,8599.0,0:44,2005-11-09,https://i.scdn.co/image/ab67616d0000b27358a45a966c0c09b8b5371b8d
,Oso Eho Foni - Live,8591.0,1:40,2025-12-23,https://i.scdn.co/image/ab67616d00001e0291e1a94d45bd2cc1a0e8e518
,Mi Mou Pathis Tipota - Se Periptosi Pou - Live,8586.0,2:56,2025-12-23,https://i.scdn.co/image/ab67616d00001e0291e1a94d45bd2cc1a0e8e518
,Mesa Sou,8435.0,4:21,1992-06-04,https://i.scdn.co/image/ab67616d00001e025c6925bf70a4960c8e124d86
,Na 'Hes Kardia,8406.0,3:54,1984-03-14,https://i.scdn.co/image/ab67616d00001e02748dabd792ec65b630b3015e
,Crush,8215.0,3:48,2019-01-17,https://i.scdn.co/image/ab67616d00001e028a5c3916e7aac5b71b4c72fe
,Demones Rock Opera - Part 2,8156.0,8:06,1991-03-14,https://i.scdn.co/image/ab67616d00001e02f3d11c93e52f0c2c0116d0a4
,I Varka,8116.0,7:29,1995-09-18,https://i.scdn.co/image/ab67616d00001e029b1659f5770ea89cfad1f157
,Pikre Mou - Live,8104.0,3:33,1993-12-17,https://i.scdn.co/image/ab67616d00001e0212e44acc3e380f6fa9cd0446
,Ego De Hanomai Pote Mou,8053.0,2:44,1982-12-17,https://i.scdn.co/image/ab67616d00001e02d88d7bedbfbd881b07f3f89f
,Agapi Mou - Remastered,8028.0,2:57,2006-03-30,https://i.scdn.co/image/ab67616d00001e02ef7a44a6675dfe98f00922c9
,Efta Zoes,8021.0,3:16,1995-09-18,https://i.scdn.co/image/ab67616d00001e029b1659f5770ea89cfad1f157
,Krivame Tin Agapi Mas - Live,7923.0,1:29,1993-12-17,https://i.scdn.co/image/ab67616d00001e0212e44acc3e380f6fa9cd0446
,Mi Me Rotas,7774.0,3:13,1984-03-14,https://i.scdn.co/image/ab67616d00001e02748dabd792ec65b630b3015e
,Ti Me Rotas (That Certain Feeling) - Remastered,7745.0,2:20,2006-03-25,https://i.scdn.co/image/ab67616d00001e02844c180f9a5b2bd52918735c
,San Dolofonos Maniakos,7677.0,5:10,1989-03-24,https://i.scdn.co/image/ab67616d00001e02feb9079b2827195dbd9c7994
,Tertin Tis Kartoulas Mou,7645.0,3:19,1995-07-24,https://i.scdn.co/image/ab67616d00001e024d55039ddd94bdc5884066c7
,The Only Arms We Need,7636.0,3:51,2019-01-17,https://i.scdn.co/image/ab67616d00001e028a5c3916e7aac5b71b4c72fe
,Magiko Hali - Live,7594.0,4:55,2025-12-23,https://i.scdn.co/image/ab67616d00001e0291e1a94d45bd2cc1a0e8e518
,Ki Omos Den Telioni - Live,7505.0,4:01,2021-12-23,https://i.scdn.co/image/ab67616d0000b2736c83417ea148daf1ae5f7b0a
,Agapi Ipervoliki (Outro) - Live,7494.0,1:44,2025-12-23,https://i.scdn.co/image/ab67616d00001e0291e1a94d45bd2cc1a0e8e518
,O Teleftaios Horos - Live,7416.0,2:44,2025-12-23,https://i.scdn.co/image/ab67616d00001e0291e1a94d45bd2cc1a0e8e518
,Diskolos Keros - Remastered,7391.0,2:16,2006-03-30,https://i.scdn.co/image/ab67616d00001e02ef7a44a6675dfe98f00922c9
,Apo 'Do Ki Apo 'Ki,7338.0,2:56,2006-03-25,https://i.scdn.co/image/ab67616d00001e02647e75c09a70d541dd9e98d8
,Apo Do Ki Apo Ki,7329.0,2:56,1993-06-01,https://i.scdn.co/image/ab67616d00001e02ad9d12a29e4c0c699380c275
,Se Periptosi Pou (Outro) - Live,7287.0,3:54,2025-12-23,https://i.scdn.co/image/ab67616d00001e0291e1a94d45bd2cc1a0e8e518
,Ligna Koritsia,7178.0,2:23,1974-02-24,https://i.scdn.co/image/ab67616d0000b2733d0f51673fc5872e523590bb
,Great Zeus,7170.0,2:24,2019-01-17,https://i.scdn.co/image/ab67616d00001e028a5c3916e7aac5b71b4c72fe
,Alimono Alimono - Mixed,7099.0,0:48,2005-11-09,https://i.scdn.co/image/ab67616d0000b27358a45a966c0c09b8b5371b8d
,Ikosi Hronia,7055.0,4:31,1995-07-24,https://i.scdn.co/image/ab67616d00001e024d55039ddd94bdc5884066c7
,Opou Ke Na Pas,7036.0,3:45,1992-12-24,https://i.scdn.co/image/ab67616d00001e02ec8882aba54284ba0cf8e1fd
,Demones Rock Opera - Part 6,6857.0,2:42,1991-03-14,https://i.scdn.co/image/ab67616d00001e02f3d11c93e52f0c2c0116d0a4
,Demones Rock Opera - Part 3,6852.0,2:42,1991-03-14,https://i.scdn.co/image/ab67616d00001e02f3d11c93e52f0c2c0116d0a4
,After You,6847.0,4:57,2000-06-13,https://i.scdn.co/image/ab67616d00001e0255c69d02a37edefde7c5a8ce
,Na I Zoi (Late At Night) - Remastered,6842.0,2:57,2006-03-25,https://i.scdn.co/image/ab67616d00001e02844c180f9a5b2bd52918735c
,A Beautiful Night,6670.0,3:01,2006-04-27,https://i.scdn.co/image/ab67616d00001e025f53fb746df6aa43779c809e
,Kegete O Kosmos Kegete - Remastered,6628.0,2:54,2006-03-25,https://i.scdn.co/image/ab67616d00001e02844c180f9a5b2bd52918735c
,Agapes,6581.0,2:53,1982-12-17,https://i.scdn.co/image/ab67616d00001e02d88d7bedbfbd881b07f3f89f
,Pali,6502.0,2:39,1982-12-17,https://i.scdn.co/image/ab67616d00001e02d88d7bedbfbd881b07f3f89f
,Gia Teleftaia Fora - Live,6493.0,3:48,2025-12-23,https://i.scdn.co/image/ab67616d00001e0291e1a94d45bd2cc1a0e8e518
,O! Erota,6366.0,3:41,2002-04-26,https://i.scdn.co/image/ab67616d00001e02b8576e13c95219ae8e9a0a18
,Labo - Live,6255.0,5:05,2025-12-23,https://i.scdn.co/image/ab67616d00001e0291e1a94d45bd2cc1a0e8e518
,I Agapi Sou Sholio,6234.0,2:18,2002-02-04,https://i.scdn.co/image/ab67616d00001e020cfcb94cb3474d3c51f3579a
,Demones Rock Opera - Part 17,6176.0,3:00,1991-03-14,https://i.scdn.co/image/ab67616d00001e02f3d11c93e52f0c2c0116d0a4
,Gia Ena Lepto - DJ Matheos's Sunshine Remix,6148.0,5:30,2010-07-12,https://i.scdn.co/image/ab67616d00001e02185811d0c3bb7828c9aee0c1
,Mia Mikri Psihoula,6140.0,3:06,1980-04-01,https://i.scdn.co/image/ab67616d00001e02e8d377f49f51cfaf01a7a613
,An Toulahiston - Remastered,6006.0,2:50,2006-03-30,https://i.scdn.co/image/ab67616d00001e02ef7a44a6675dfe98f00922c9
,Fones,6003.0,3:30,2002-04-26,https://i.scdn.co/image/ab67616d00001e02b8576e13c95219ae8e9a0a18
,Fraou Smit,5945.0,1:05,2002-04-26,https://i.scdn.co/image/ab67616d00001e02b8576e13c95219ae8e9a0a18
,Ke Si Milas - Remastered,5928.0,2:22,2006-03-30,https://i.scdn.co/image/ab67616d00001e02ef7a44a6675dfe98f00922c9
,To Palio T' Aeroplano,5873.0,2:57,1980-04-01,https://i.scdn.co/image/ab67616d00001e02e8d377f49f51cfaf01a7a613
,Ah Den M' Agapas,5836.0,3:12,1982-12-17,https://i.scdn.co/image/ab67616d00001e02d88d7bedbfbd881b07f3f89f
,Savvatiatika,5733.0,2:42,2006-03-25,https://i.scdn.co/image/ab67616d00001e02647e75c09a70d541dd9e98d8
,Thelo,5724.0,2:35,2006-03-25,https://i.scdn.co/image/ab67616d00001e02647e75c09a70d541dd9e98d8
,Ohi,5632.0,4:30,1989-03-24,https://i.scdn.co/image/ab67616d00001e02feb9079b2827195dbd9c7994
,Ftene,5596.0,5:01,1992-12-24,https://i.scdn.co/image/ab67616d00001e02ec8882aba54284ba0cf8e1fd
,Palio Periodiko,5588.0,5:54,1995-09-18,https://i.scdn.co/image/ab67616d00001e029b1659f5770ea89cfad1f157
,Demones Rock Opera - Part 20,5578.0,7:33,1991-03-14,https://i.scdn.co/image/ab67616d00001e02f3d11c93e52f0c2c0116d0a4
,Nikisame,5521.0,3:42,2006-03-25,https://i.scdn.co/image/ab67616d00001e02647e75c09a70d541dd9e98d8
,Prasini Mera,5520.0,2:15,1974-02-24,https://i.scdn.co/image/ab67616d0000b2733d0f51673fc5872e523590bb
,No More The Fool,5481.0,4:39,2000-06-13,https://i.scdn.co/image/ab67616d00001e0255c69d02a37edefde7c5a8ce
,Doulia Doulia,5401.0,1:34,2002-04-26,https://i.scdn.co/image/ab67616d00001e02b8576e13c95219ae8e9a0a18
,Demones Rock Opera - Part 21,5338.0,3:46,1991-03-14,https://i.scdn.co/image/ab67616d00001e02f3d11c93e52f0c2c0116d0a4
,San Balaki Tou Tenis,5243.0,3:06,1989-03-24,https://i.scdn.co/image/ab67616d00001e02feb9079b2827195dbd9c7994
,Ola Tha Allaxoun,5141.0,2:27,2002-04-26,https://i.scdn.co/image/ab67616d00001e02b8576e13c95219ae8e9a0a18
,As Ixera,5063.0,3:24,1982-12-17,https://i.scdn.co/image/ab67616d00001e02d88d7bedbfbd881b07f3f89f
,Ilie Mou,5016.0,2:15,2006-03-25,https://i.scdn.co/image/ab67616d00001e02647e75c09a70d541dd9e98d8
,Demones Rock Opera - Part 5,4989.0,1:09,1991-03-14,https://i.scdn.co/image/ab67616d00001e02f3d11c93e52f0c2c0116d0a4
,Demones Rock Opera - Part 15,4943.0,2:51,1991-03-14,https://i.scdn.co/image/ab67616d00001e02f3d11c93e52f0c2c0116d0a4
,Adikos O Horismos Mas,4918.0,3:13,1982-12-17,https://i.scdn.co/image/ab67616d00001e02d88d7bedbfbd881b07f3f89f
,Demones Rock Opera - Part 8,4842.0,1:27,1991-03-14,https://i.scdn.co/image/ab67616d00001e02f3d11c93e52f0c2c0116d0a4
,Demones Rock Opera - Part 10,4834.0,5:18,1991-03-14,https://i.scdn.co/image/ab67616d00001e02f3d11c93e52f0c2c0116d0a4
,Demones Rock Opera - Part 9,4771.0,7:13,1991-03-14,https://i.scdn.co/image/ab67616d00001e02f3d11c93e52f0c2c0116d0a4
,Berde kai berde - Live,4742.0,2:47,2017-04-14,https://i.scdn.co/image/ab67616d0000b273ec5c0c825f82a9140a6c3465
,Etos Pediou - Remastered,4727.0,3:22,2006-03-30,https://i.scdn.co/image/ab67616d00001e02ef7a44a6675dfe98f00922c9
,Entek,4700.0,6:08,2002-04-26,https://i.scdn.co/image/ab67616d00001e02b8576e13c95219ae8e9a0a18
,Demones Rock Opera - Part 7,4696.0,2:36,1991-03-14,https://i.scdn.co/image/ab67616d00001e02f3d11c93e52f0c2c0116d0a4
,To Tali Bo,4632.0,3:29,2006-03-25,https://i.scdn.co/image/ab67616d00001e02647e75c09a70d541dd9e98d8
,Argisame Poli,4629.0,3:04,1982-12-17,https://i.scdn.co/image/ab67616d00001e02d88d7bedbfbd881b07f3f89f
,Everything - Karaoke Version,4505.0,2:60,2006-04-27,https://i.scdn.co/image/ab67616d00001e025f53fb746df6aa43779c809e
,Oso Esi,4498.0,3:58,1982-12-17,https://i.scdn.co/image/ab67616d00001e02d88d7bedbfbd881b07f3f89f
,Demones Rock Opera - Part 18,4436.0,5:04,1991-03-14,https://i.scdn.co/image/ab67616d00001e02f3d11c93e52f0c2c0116d0a4
,Tilirkiotisa - Live,4429.0,2:31,2017-04-14,https://i.scdn.co/image/ab67616d0000b273ec5c0c825f82a9140a6c3465
,Den Thelo Na Se Vlepo Sihna,4400.0,3:21,1989-03-24,https://i.scdn.co/image/ab67616d00001e02feb9079b2827195dbd9c7994
,Demones Rock Opera - Part 11,4337.0,3:54,1991-03-14,https://i.scdn.co/image/ab67616d00001e02f3d11c93e52f0c2c0116d0a4
,Xana Mana - Live,4321.0,4:57,2021-12-23,https://i.scdn.co/image/ab67616d0000b2736c83417ea148daf1ae5f7b0a
,Mala Theme - Instrumental,4316.0,2:49,2002-04-26,https://i.scdn.co/image/ab67616d00001e02b8576e13c95219ae8e9a0a18
,I 9 Stous 10 Horizoune,4310.0,3:39,1989-03-24,https://i.scdn.co/image/ab67616d00001e02feb9079b2827195dbd9c7994
,Par' To Aeroplano,4280.0,2:27,1982-12-17,https://i.scdn.co/image/ab67616d00001e02d88d7bedbfbd881b07f3f89f
,Ego Ime Ego,4114.0,2:09,2007-09-18,https://i.scdn.co/image/ab67616d00001e029e31a8347d2213ec7f37a4bb
,Xana Mana,4013.0,2:29,2019-09-01,https://i.scdn.co/image/ab67616d0000b2730f4e0734ebe1dfd3e693a83b
,Thelo Mia Agapi - Matheo's Deep South Beat Remix,4006.0,6:01,2010-07-12,https://i.scdn.co/image/ab67616d00001e02185811d0c3bb7828c9aee0c1
,Tora,4002.0,2:57,1982-12-17,https://i.scdn.co/image/ab67616d00001e02d88d7bedbfbd881b07f3f89f
,X - Soumka Mix,3887.0,5:00,2003-06-13,https://i.scdn.co/image/ab67616d00001e02ef61b19303f50a0f77b8fcf7
,Tasis Aftoktonias - The Bombay Mix,3619.0,5:12,2003-06-13,https://i.scdn.co/image/ab67616d00001e02ef61b19303f50a0f77b8fcf7
,Ime Eleftheri,3614.0,2:43,2002-04-26,https://i.scdn.co/image/ab67616d00001e02b8576e13c95219ae8e9a0a18
,Demones Rock Opera - Part 19,3541.0,2:20,1991-03-14,https://i.scdn.co/image/ab67616d00001e02f3d11c93e52f0c2c0116d0a4
,Itan Psemata,3505.0,4:13,1993-06-01,https://i.scdn.co/image/ab67616d00001e02ad9d12a29e4c0c699380c275
,Se Zilevo - Galleon Electro-Pop Remix (Radio Edit),3397.0,3:41,2003-06-13,https://i.scdn.co/image/ab67616d00001e02ef61b19303f50a0f77b8fcf7
,Akomi Ena Vradi Edo,3382.0,3:43,2002-04-26,https://i.scdn.co/image/ab67616d00001e02b8576e13c95219ae8e9a0a18
,Meta Apo Sena Esi,3339.0,3:49,2019-09-01,https://i.scdn.co/image/ab67616d0000b2730f4e0734ebe1dfd3e693a83b
,Demones Rock Opera - Part 13,3241.0,6:49,1991-03-14,https://i.scdn.co/image/ab67616d00001e02f3d11c93e52f0c2c0116d0a4
,Demones Rock Opera - Part 14,3213.0,3:45,1991-03-14,https://i.scdn.co/image/ab67616d00001e02f3d11c93e52f0c2c0116d0a4
,Demones Rock Opera - Part 12,3116.0,3:42,1991-03-14,https://i.scdn.co/image/ab67616d00001e02f3d11c93e52f0c2c0116d0a4
,Everything - David Thoener Mix,3083.0,2:60,2006-03-31,https://i.scdn.co/image/ab67616d00001e0247ca2f1fe13364213916def1
,Kitrino Astro,3054.0,2:21,2002-04-26,https://i.scdn.co/image/ab67616d00001e02b8576e13c95219ae8e9a0a18
,Den Fovame,2890.0,1:60,2002-04-26,https://i.scdn.co/image/ab67616d00001e02b8576e13c95219ae8e9a0a18
,Ti Ta Thelis Lipon,2882.0,2:37,1993-06-01,https://i.scdn.co/image/ab67616d00001e02ad9d12a29e4c0c699380c275
,Mala Theme - Piano,2819.0,3:06,2002-04-26,https://i.scdn.co/image/ab67616d00001e02b8576e13c95219ae8e9a0a18
,Sta hronia tis ipomonis - Live,2811.0,1:50,2017-04-14,https://i.scdn.co/image/ab67616d0000b273ec5c0c825f82a9140a6c3465
,O karagiozis - Live,2777.0,2:44,2017-04-14,https://i.scdn.co/image/ab67616d0000b273ec5c0c825f82a9140a6c3465
,Gennissi,2527.0,2:40,2002-04-26,https://i.scdn.co/image/ab67616d00001e02b8576e13c95219ae8e9a0a18
,Ki Omos Ki Omos,2516.0,2:36,1974-05-16,https://i.scdn.co/image/ab67616d0000b2734930b8f9989d4233f31e8a42
,Mera Beni Mera Vgeni,2435.0,2:05,2002-04-26,https://i.scdn.co/image/ab67616d00001e02b8576e13c95219ae8e9a0a18
,Fexe Hlomo Feggari Mou,2402.0,3:04,1980-04-01,https://i.scdn.co/image/ab67616d00001e02e8d377f49f51cfaf01a7a613
,Tou Theou I Dialegmeni,2400.0,4:02,2002-04-26,https://i.scdn.co/image/ab67616d00001e02b8576e13c95219ae8e9a0a18
,Thema Tis Vaftissis,2331.0,2:31,2002-04-26,https://i.scdn.co/image/ab67616d00001e02b8576e13c95219ae8e9a0a18
,Stagona-Stagona,2158.0,2:42,2002-04-26,https://i.scdn.co/image/ab67616d00001e02b8576e13c95219ae8e9a0a18
,Monologos Boger,2121.0,4:24,2002-04-26,https://i.scdn.co/image/ab67616d00001e02b8576e13c95219ae8e9a0a18
,Ta Vivlia Agapo,1987.0,2:35,2002-04-26,https://i.scdn.co/image/ab67616d00001e02b8576e13c95219ae8e9a0a18
,Horis Esena Ego Den Kano,1945.0,2:58,1993-06-01,https://i.scdn.co/image/ab67616d00001e02ad9d12a29e4c0c699380c275
,Afixi Sto Aousvits - Instrumental,1939.0,1:42,2002-04-26,https://i.scdn.co/image/ab67616d00001e02b8576e13c95219ae8e9a0a18
,Htes T' Apogevma Sto Aahen,1878.0,2:52,2005-03-31,https://i.scdn.co/image/ab67616d0000b2733a2169fb0e321e09305924f8
,Min Kles Froilain,1846.0,1:48,2002-04-26,https://i.scdn.co/image/ab67616d00001e02b8576e13c95219ae8e9a0a18
,Ena Dasos Klares,1741.0,2:34,2005-03-31,https://i.scdn.co/image/ab67616d0000b2733a2169fb0e321e09305924f8
,Imnos,1740.0,2:06,2002-04-26,https://i.scdn.co/image/ab67616d00001e02b8576e13c95219ae8e9a0a18
,Tote Tha Figo,1721.0,2:40,1993-06-01,https://i.scdn.co/image/ab67616d00001e02ad9d12a29e4c0c699380c275
,Sto Kafenion Ellinikon,1357.0,1:56,2005-03-31,https://i.scdn.co/image/ab67616d0000b2733a2169fb0e321e09305924f8
,Hit Mix,1152.0,19:45,2002-12-03,https://i.scdn.co/image/ab67616d0000b273983bb02a5e22fe2d313e3223
,Aftos Pou Perimeno - Live Version,1033.0,0:29,1984-03-14,https://i.scdn.co/image/ab67616d00001e021f1ac446c500bab767932f58
